gen_time,ra,dec,tg_date_start,tg_date_end,hom0,hom1,hom2,hom3,hom4,hom5,hom6,hom7,hom8,hom9,qos
12,2.100000,-56.800000,2016-03-14,2016-08-14,24,24,24,24,24,24,24,24,24,24,12
14,125.200000,-42.900000,2016-03-14,2016-08-14,26,26,30,34,38,26,28,26,26,26,24
14,352.000000,-61.500000,2016-03-14,2016-08-14,-2,-2,-2,-2,-2,-2,-2,-2,-2,-2,0
21,131.000000,-69.500000,2016-03-14,2016-08-14,-2,-2,-2,-2,-2,-2,-2,-2,-2,-2,0
25,35.200000,-68.000000,2016-03-14,2016-08-14,-2,-2,-2,-2,-2,-2,-2,-2,-2,-2,0
26,235.500000,-40.200000,2016-03-14,2016-08-14,-2,-2,-2,-2,-2,-2,-2,-2,-2,-2,0
31,23.200000,-47.600000,2016-03-14,2016-08-14,43,43,43,34,43,43,34,34,34,34,12
32,92.800000,-60.800000,2016-03-14,2016-08-14,35,44,38,38,35,44,44,44,42,48,16
33,93.000000,-58.000000,2016-03-14,2016-08-14,45,45,49,45,45,49,45,45,39,36,16
69,181.000000,-57.800000,2016-03-14,2016-08-14,81,81,81,81,81,81,85,81,81,72,16
77,245.800000,-53.700000,2016-03-14,2016-08-14,89,89,89,80,89,89,85,89,89,89,12
100,197.700000,-59.000000,2016-03-14,2016-08-14,112,112,103,103,112,112,103,103,103,103,12
111,179.500000,-47.800000,2016-03-14,2016-08-14,123,116,123,123,114,116,123,114,123,123,12
137,227.400000,-62.700000,2016-03-14,2016-08-14,149,149,149,149,149,149,149,149,149,149,12
154,285.700000,-57.100000,2016-03-14,2016-08-14,166,170,174,166,178,166,182,186,166,166,32
168,80.900000,-56.100000,2016-03-14,2016-08-14,171,180,180,171,180,184,190,180,171,171,22
189,124.700000,-65.200000,2016-03-14,2016-08-14,-2,-2,-2,-2,-2,-2,-2,-2,-2,-2,0
194,304.100000,-60.400000,2016-03-14,2016-08-14,206,206,206,206,206,206,206,206,206,206,12
213,301.800000,-68.700000,2016-03-14,2016-08-14,-2,-2,-2,-2,-2,-2,-2,-2,-2,-2,0
226,254.600000,-64.700000,2016-03-14,2016-08-14,-2,-2,-2,-2,-2,-2,-2,-2,-2,-2,0
230,123.400000,-64.800000,2016-03-14,2016-08-14,-2,-2,-2,-2,-2,-2,-2,-2,-2,-2,0
256,19.500000,-48.300000,2016-03-14,2016-08-14,268,268,272,268,268,268,268,268,268,268,16
271,322.400000,-48.700000,2016-03-14,2016-08-14,283,283,283,283,283,287,287,287,283,291,20
286,340.300000,-43.900000,2016-03-14,2016-08-14,298,302,298,306,310,302,314,306,318,322,36
299,324.400000,-54.400000,2016-03-14,2016-08-14,311,311,315,315,319,319,311,311,323,323,24
304,111.500000,-60.800000,2016-03-14,2016-08-14,316,316,316,-2,-2,-2,-2,-2,-2,-2,12
312,279.400000,-58.900000,2016-03-14,2016-08-14,324,328,324,324,324,324,324,332,324,324,20
317,220.800000,-61.100000,2016-03-14,2016-08-14,329,329,329,333,320,-2,-2,-2,-2,-2,16
319,131.600000,-45.000000,2016-03-14,2016-08-14,331,336,328,328,331,328,331,331,331,331,17
340,130.200000,-65.300000,2016-03-14,2016-08-14,352,-2,-2,-2,-2,-2,-2,-2,-2,-2,12
343,242.300000,-49.700000,2016-03-14,2016-08-14,355,346,-2,-2,-2,-2,-2,-2,-2,-2,12
368,226.700000,-46.000000,2016-03-14,2016-08-14,380,380,380,384,380,380,380,384,380,380,16
370,88.600000,-63.000000,2016-03-14,2016-08-14,384,382,382,382,382,382,382,382,382,382,14
375,61.800000,-51.200000,2016-03-14,2016-08-14,387,387,387,387,387,387,387,387,387,387,12
380,58.600000,-53.400000,2016-03-14,2016-08-14,392,392,391,391,395,392,392,396,391,392,16
399,155.100000,-68.300000,2016-03-14,2016-08-14,-2,-2,-2,-2,-2,-2,-2,-2,-2,-2,0
402,318.100000,-51.900000,2016-03-14,2016-08-14,414,418,405,422,409,414,426,414,430,405,28
406,334.600000,-61.200000,2016-03-14,2016-08-14,-2,-2,-2,-2,-2,-2,-2,-2,-2,-2,0
429,299.600000,-55.600000,2016-03-14,2016-08-14,434,441,441,441,438,441,445,441,442,449,20
431,252.800000,-54.500000,2016-03-14,2016-08-14,443,445,443,443,449,443,453,443,443,443,22
445,148.000000,-41.300000,2016-03-14,2016-08-14,457,457,448,457,457,457,457,457,457,448,12
445,156.500000,-58.200000,2016-03-14,2016-08-14,457,461,448,457,457,457,457,461,457,457,16
446,250.200000,-57.200000,2016-03-14,2016-08-14,458,457,458,462,458,461,465,461,452,458,19
458,306.200000,-63.700000,2016-03-14,2016-08-14,-2,-2,-2,-2,-2,-2,-2,-2,-2,-2,0
484,60.000000,-52.200000,2016-03-14,2016-08-14,496,496,500,496,500,496,496,504,508,496,24
489,117.200000,-48.900000,2016-03-14,2016-08-14,501,500,501,501,501,501,505,501,501,-2,16
505,191.900000,-64.200000,2016-03-14,2016-08-14,-2,-2,-2,-2,-2,-2,-2,-2,-2,-2,0
519,2.800000,-52.600000,2016-03-14,2016-08-14,-2,-2,-2,-2,-2,-2,-2,-2,-2,-2,0
532,321.700000,-57.600000,2016-03-14,2016-08-14,544,544,544,544,544,544,544,544,544,544,12
534,341.600000,-57.600000,2016-03-14,2016-08-14,546,548,552,550,556,554,560,564,546,568,34
534,90.300000,-63.800000,2016-03-14,2016-08-14,-2,-2,-2,-2,-2,-2,-2,-2,-2,-2,0
569,230.000000,-56.100000,2016-03-14,2016-08-14,581,581,581,585,581,581,572,581,581,581,16
570,189.200000,-41.700000,2016-03-14,2016-08-14,582,582,-2,-2,-2,-2,-2,-2,-2,-2,12
593,239.100000,-59.500000,2016-03-14,2016-08-14,596,600,596,600,605,605,605,609,609,609,16
594,204.600000,-67.500000,2016-03-14,2016-08-14,-2,-2,-2,-2,-2,-2,-2,-2,-2,-2,0
615,242.200000,-55.100000,2016-03-14,2016-08-14,627,627,627,627,631,631,618,622,-2,-2,16
622,320.200000,-42.500000,2016-03-14,2016-08-14,634,634,638,634,638,642,646,634,650,638,28
660,293.800000,-46.700000,2016-03-14,2016-08-14,672,672,672,676,672,676,680,676,-2,-2,20
665,280.100000,-45.500000,2016-03-14,2016-08-14,677,680,684,677,677,677,677,677,677,677,19
668,311.800000,-69.400000,2016-03-14,2016-08-14,-2,-2,-2,-2,-2,-2,-2,-2,-2,-2,0
670,12.800000,-47.200000,2016-03-14,2016-08-14,682,686,690,682,682,682,682,682,676,682,20
672,257.400000,-42.200000,2016-03-14,2016-08-14,684,684,684,688,684,681,-2,-2,-2,-2,16
675,264.900000,-44.300000,2016-03-14,2016-08-14,687,687,681,685,687,687,688,689,685,-2,14
683,327.200000,-44.300000,2016-03-14,2016-08-14,691,695,695,695,699,695,703,707,699,699,24
693,124.600000,-67.200000,2016-03-14,2016-08-14,-2,-2,-2,-2,-2,-2,-2,-2,-2,-2,0
693,163.400000,-45.400000,2016-03-14,2016-08-14,696,696,696,705,696,696,696,705,696,705,12
695,331.000000,-61.400000,2016-03-14,2016-08-14,-2,-2,-2,-2,-2,-2,-2,-2,-2,-2,0
704,270.400000,-68.500000,2016-03-14,2016-08-14,-2,-2,-2,-2,-2,-2,-2,-2,-2,-2,0
720,198.500000,-68.900000,2016-03-14,2016-08-14,-2,-2,-2,-2,-2,-2,-2,-2,-2,-2,0
737,251.100000,-51.500000,2016-03-14,2016-08-14,749,749,749,749,749,749,749,749,749,749,12
761,335.200000,-54.000000,2016-03-14,2016-08-14,764,764,764,773,773,773,773,764,773,773,12
774,248.500000,-67.700000,2016-03-14,2016-08-14,-2,-2,-2,-2,-2,-2,-2,-2,-2,-2,0
777,345.700000,-64.500000,2016-03-14,2016-08-14,-2,-2,-2,-2,-2,-2,-2,-2,-2,-2,0
779,61.700000,-42.100000,2016-03-14,2016-08-14,791,791,791,791,791,791,791,791,782,791,12
781,343.700000,-57.400000,2016-03-14,2016-08-14,793,797,801,793,797,801,805,793,809,793,28
797,58.100000,-68.200000,2016-03-14,2016-08-14,-2,-2,-2,-2,-2,-2,-2,-2,-2,-2,0
800,92.500000,-51.900000,2016-03-14,2016-08-14,812,812,816,820,812,816,820,824,824,812,24
807,218.200000,-64.200000,2016-03-14,2016-08-14,-2,-2,-2,-2,-2,-2,-2,-2,-2,-2,0
808,16.000000,-62.700000,2016-03-14,2016-08-14,-2,-2,-2,-2,-2,-2,-2,-2,-2,-2,0
840,82.200000,-42.900000,2016-03-14,2016-08-14,852,856,852,856,852,860,852,864,852,856,24
851,316.000000,-61.500000,2016-03-14,2016-08-14,-2,-2,-2,-2,-2,-2,-2,-2,-2,-2,0
861,350.500000,-60.600000,2016-03-14,2016-08-14,-2,-2,-2,-2,-2,-2,-2,-2,-2,-2,0
872,331.200000,-56.100000,2016-03-14,2016-08-14,884,888,892,884,884,896,888,900,884,884,28
889,357.800000,-67.800000,2016-03-14,2016-08-14,-2,-2,-2,-2,-2,-2,-2,-2,-2,-2,0
891,156.000000,-40.400000,2016-03-14,2016-08-14,-2,-2,-2,-2,-2,-2,-2,-2,-2,-2,0
900,210.300000,-47.700000,2016-03-14,2016-08-14,912,912,903,912,-2,-2,-2,-2,-2,-2,12
901,261.200000,-63.400000,2016-03-14,2016-08-14,-2,-2,-2,-2,-2,-2,-2,-2,-2,-2,0
932,286.400000,-45.800000,2016-03-14,2016-08-14,944,944,944,944,935,944,944,944,944,944,12
934,54.600000,-43.900000,2016-03-14,2016-08-14,946,950,954,958,946,946,962,966,970,946,36
934,111.600000,-66.900000,2016-03-14,2016-08-14,-2,-2,-2,-2,-2,-2,-2,-2,-2,-2,0
970,310.400000,-45.600000,2016-03-14,2016-08-14,982,982,982,982,982,982,986,986,990,982,20
978,352.600000,-50.300000,2016-03-14,2016-08-14,990,994,998,990,990,990,990,990,990,990,20
1002,129.300000,-51.800000,2016-03-14,2016-08-14,1014,1005,1018,1014,1018,1005,1005,1022,1014,-2,20
1006,140.500000,-56.900000,2016-03-14,2016-08-14,1018,1018,1018,1018,1018,1018,1018,1018,1018,1018,12
1026,178.600000,-68.800000,2016-03-14,2016-08-14,-2,-2,-2,-2,-2,-2,-2,-2,-2,-2,0
1040,203.900000,-68.900000,2016-03-14,2016-08-14,-2,-2,-2,-2,-2,-2,-2,-2,-2,-2,0
1042,340.300000,-67.200000,2016-03-14,2016-08-14,-2,-2,-2,-2,-2,-2,-2,-2,-2,-2,0
1052,160.600000,-60.000000,2016-03-14,2016-08-14,1064,1064,1064,1064,1064,1064,1064,1064,1064,1064,12
1059,353.800000,-55.000000,2016-03-14,2016-08-14,1068,-2,-2,-2,-2,-2,-2,-2,-2,-2,9
1063,257.600000,-42.100000,2016-03-14,2016-08-14,1075,1068,1072,1075,1068,1075,-2,-2,-2,-2,12
1064,210.300000,-56.400000,2016-03-14,2016-08-14,1076,1076,1076,1076,1076,1076,1076,1076,1076,1076,12
1069,136.100000,-41.100000,2016-03-14,2016-08-14,1079,1072,-2,-2,-2,-2,-2,-2,-2,-2,10
1101,96.700000,-62.500000,2016-03-14,2016-08-14,1113,1113,1113,1113,1113,1113,1113,1113,1113,1113,12
1121,98.000000,-69.600000,2016-03-14,2016-08-14,-2,-2,-2,-2,-2,-2,-2,-2,-2,-2,0
1133,140.100000,-45.200000,2016-03-14,2016-08-14,1145,1145,1145,1145,1145,1145,1145,1145,1136,1145,12
1136,197.000000,-68.800000,2016-03-14,2016-08-14,-2,-2,-2,-2,-2,-2,-2,-2,-2,-2,0
1138,183.900000,-55.300000,2016-03-14,2016-08-14,1150,1150,1154,1154,1150,1150,1150,1150,1154,1150,16
1157,261.100000,-61.100000,2016-03-14,2016-08-14,1160,-2,-2,-2,-2,-2,-2,-2,-2,-2,3
1181,145.300000,-46.700000,2016-03-14,2016-08-14,1193,1193,1193,-2,-2,-2,-2,-2,-2,-2,12
1201,299.700000,-63.100000,2016-03-14,2016-08-14,-2,-2,-2,-2,-2,-2,-2,-2,-2,-2,0
1205,149.900000,-66.100000,2016-03-14,2016-08-14,-2,-2,-2,-2,-2,-2,-2,-2,-2,-2,0
1212,347.100000,-41.400000,2016-03-14,2016-08-14,1224,1224,1224,1224,1224,1224,1224,1215,1224,1224,12
1215,109.600000,-68.600000,2016-03-14,2016-08-14,-2,-2,-2,-2,-2,-2,-2,-2,-2,-2,0
1216,157.200000,-51.300000,2016-03-14,2016-08-14,1228,1228,1228,1228,1228,1232,1228,1228,1232,1228,16
1222,156.800000,-44.500000,2016-03-14,2016-08-14,1234,1234,1234,1236,1234,1234,1234,1234,1238,1234,16
1236,239.400000,-44.800000,2016-03-14,2016-08-14,1248,1239,1239,1239,1239,1239,1248,1239,1248,1239,12
1242,222.300000,-56.800000,2016-03-14,2016-08-14,1245,1245,1254,1245,1254,1254,1254,1254,1254,1249,12
1245,131.400000,-59.100000,2016-03-14,2016-08-14,1257,1248,1257,1249,1252,1248,1257,1257,1257,1248,12
1247,346.000000,-50.700000,2016-03-14,2016-08-14,1259,1250,1259,1259,1250,1259,1252,1250,1259,1259,12
1251,7.300000,-52.200000,2016-03-14,2016-08-14,1263,1267,-2,-2,-2,-2,-2,-2,-2,-2,16
1256,41.800000,-57.900000,2016-03-14,2016-08-14,1268,1268,1259,1268,1272,1268,1268,1272,1272,1272,16
1289,100.500000,-50.600000,2016-03-14,2016-08-14,1301,1301,1301,1301,1301,1301,1305,1301,1301,1305,16
1308,40.800000,-57.500000,2016-03-14,2016-08-14,1320,1320,1320,1324,1328,1324,1320,1320,1311,1324,20
1321,344.300000,-64.300000,2016-03-14,2016-08-14,-2,-2,-2,-2,-2,-2,-2,-2,-2,-2,0
1326,116.800000,-68.700000,2016-03-14,2016-08-14,-2,-2,-2,-2,-2,-2,-2,-2,-2,-2,0
1378,130.500000,-47.100000,2016-03-14,2016-08-14,1390,1390,1390,-2,-2,-2,-2,-2,-2,-2,12
1380,38.200000,-57.300000,2016-03-14,2016-08-14,1394,1392,1392,1392,1392,1392,1392,1392,1392,1392,14
1421,25.600000,-43.700000,2016-03-14,2016-08-14,1433,1433,1433,1437,1437,1441,1441,1445,1445,1433,24
1432,224.400000,-45.400000,2016-03-14,2016-08-14,1444,1449,1444,1448,1444,1444,1444,1448,1444,1444,17
1432,180.200000,-49.000000,2016-03-14,2016-08-14,1444,1452,1448,1444,1444,1444,1444,1444,-2,-2,20
1454,73.600000,-64.700000,2016-03-14,2016-08-14,1466,-2,-2,-2,-2,-2,-2,-2,-2,-2,12
1469,317.700000,-68.500000,2016-03-14,2016-08-14,-2,-2,-2,-2,-2,-2,-2,-2,-2,-2,0
1469,26.600000,-51.600000,2016-03-14,2016-08-14,1472,1481,1485,1481,1476,1480,1489,1481,1484,1493,24
1481,184.000000,-48.700000,2016-03-14,2016-08-14,1493,1493,1493,1493,1493,1493,1493,1493,1493,-2,12
1490,88.300000,-42.400000,2016-03-14,2016-08-14,1497,1501,1502,1493,1502,1502,1493,1502,1502,1497,12
1511,339.100000,-40.400000,2016-03-14,2016-08-14,-2,-2,-2,-2,-2,-2,-2,-2,-2,-2,0
1530,203.600000,-66.300000,2016-03-14,2016-08-14,-2,-2,-2,-2,-2,-2,-2,-2,-2,-2,0
1534,284.900000,-66.400000,2016-03-14,2016-08-14,-2,-2,-2,-2,-2,-2,-2,-2,-2,-2,0
1537,4.000000,-41.400000,2016-03-14,2016-08-14,1549,1549,1549,1549,1549,1549,1549,1549,1549,1549,12
1540,84.900000,-53.400000,2016-03-14,2016-08-14,1552,1552,1553,1552,1552,1552,1553,1553,1552,1552,13
1549,13.000000,-43.000000,2016-03-14,2016-08-14,1561,1561,1565,1561,1565,1569,1565,1569,1573,1573,24
1551,218.500000,-56.600000,2016-03-14,2016-08-14,1563,1556,1563,1563,1556,1563,1563,1556,1563,1563,12
1557,341.800000,-43.200000,2016-03-14,2016-08-14,1577,1581,1569,1585,1573,1569,1577,1577,1581,1581,28
1568,45.500000,-63.900000,2016-03-14,2016-08-14,-2,-2,-2,-2,-2,-2,-2,-2,-2,-2,0
1598,324.200000,-40.900000,2016-03-14,2016-08-14,-2,-2,-2,-2,-2,-2,-2,-2,-2,-2,0
1600,134.300000,-57.800000,2016-03-14,2016-08-14,1612,1612,1612,1612,1612,1612,1612,1616,1612,1616,16
1613,103.600000,-66.700000,2016-03-14,2016-08-14,1625,-2,-2,-2,-2,-2,-2,-2,-2,-2,12
1623,51.900000,-45.000000,2016-03-14,2016-08-14,1635,1635,1635,1635,1635,1635,1635,1635,1635,1635,12
1636,263.800000,-50.400000,2016-03-14,2016-08-14,1648,1648,1648,1648,1648,1648,1648,1648,1652,1652,16
1640,261.500000,-45.000000,2016-03-14,2016-08-14,1643,1643,1643,1643,1652,1652,1652,1652,1652,1656,16
1651,94.800000,-54.700000,2016-03-14,2016-08-14,1663,1663,1654,1667,1663,1658,1671,1654,1663,1675,24
1667,193.300000,-69.500000,2016-03-14,2016-08-14,-2,-2,-2,-2,-2,-2,-2,-2,-2,-2,0
1667,335.200000,-54.400000,2016-03-14,2016-08-14,1679,1683,1687,1679,1679,1683,1687,1691,1683,1695,28
1675,160.700000,-55.800000,2016-03-14,2016-08-14,1699,1687,1678,1691,1678,1687,1687,1687,1679,1687,24
1681,333.400000,-41.900000,2016-03-14,2016-08-14,1693,1693,1693,1693,1693,1693,1693,1693,1693,1693,12
1683,171.300000,-65.300000,2016-03-14,2016-08-14,-2,-2,-2,-2,-2,-2,-2,-2,-2,-2,0
1685,90.300000,-57.800000,2016-03-14,2016-08-14,1697,1697,1697,1697,1697,1701,1701,1703,1697,1697,18
1687,197.900000,-40.600000,2016-03-14,2016-08-14,-2,-2,-2,-2,-2,-2,-2,-2,-2,-2,0
1703,215.400000,-45.400000,2016-03-14,2016-08-14,1715,1715,1715,1715,1706,1706,1706,1706,1706,1706,12
1709,155.100000,-53.600000,2016-03-14,2016-08-14,1721,1721,1721,1721,1712,1721,1721,1721,1721,1725,16
1711,35.100000,-47.000000,2016-03-14,2016-08-14,1723,1727,1723,1714,1731,1718,1725,1723,1723,1727,20
1718,240.700000,-56.600000,2016-03-14,2016-08-14,1730,1730,1725,1730,1725,1725,1725,1721,1730,1721,12
1729,103.200000,-54.100000,2016-03-14,2016-08-14,1741,1745,1749,1741,1741,1741,1741,1741,1741,1741,20
1742,328.500000,-50.600000,2016-03-14,2016-08-14,1754,1745,1754,1745,1745,1754,1754,1754,1745,1754,12
1750,147.700000,-46.800000,2016-03-14,2016-08-14,1762,1762,1762,-2,-2,-2,-2,-2,-2,-2,12
1752,80.900000,-59.700000,2016-03-14,2016-08-14,1758,1764,1755,1764,1755,1764,1764,1764,1764,1764,12
1767,322.200000,-69.400000,2016-03-14,2016-08-14,-2,-2,-2,-2,-2,-2,-2,-2,-2,-2,0
1775,47.400000,-47.300000,2016-03-14,2016-08-14,1787,1778,1782,1787,1791,1787,1787,1778,1787,1787,16
1776,125.400000,-62.300000,2016-03-14,2016-08-14,1788,1788,-2,-2,-2,-2,-2,-2,-2,-2,12
1778,181.100000,-43.000000,2016-03-14,2016-08-14,1790,1781,1790,-2,-2,-2,-2,-2,-2,-2,12
1791,151.200000,-66.200000,2016-03-14,2016-08-14,-2,-2,-2,-2,-2,-2,-2,-2,-2,-2,0
1807,330.500000,-47.700000,2016-03-14,2016-08-14,1819,1819,1810,1810,1819,1819,1819,1819,1819,1819,12
1830,98.900000,-67.500000,2016-03-14,2016-08-14,-2,-2,-2,-2,-2,-2,-2,-2,-2,-2,0
1833,229.400000,-46.800000,2016-03-14,2016-08-14,1845,1836,1836,1845,1845,1836,1845,1845,1849,-2,16
1840,176.500000,-43.800000,2016-03-14,2016-08-14,1852,1856,1852,1852,1860,1849,1864,1843,1853,-2,24
1856,260.000000,-49.100000,2016-03-14,2016-08-14,1868,1872,-2,-2,-2,-2,-2,-2,-2,-2,16
1873,230.900000,-62.400000,2016-03-14,2016-08-14,1885,1885,1885,1885,1885,1885,1885,1885,1885,1876,12
1876,149.900000,-46.900000,2016-03-14,2016-08-14,1888,1888,1888,1888,1892,1888,1888,1888,1888,-2,16
1887,176.900000,-49.900000,2016-03-14,2016-08-14,1892,1899,1890,1899,1899,1899,1899,1903,1903,1894,16
1904,325.800000,-54.200000,2016-03-14,2016-08-14,1907,1911,1916,1920,1916,1916,1920,1920,1916,1916,16
1905,128.900000,-52.300000,2016-03-14,2016-08-14,1908,1917,1917,1921,1917,1925,1917,1917,1920,1924,20
1934,8.000000,-54.000000,2016-03-14,2016-08-14,1946,1950,1954,1937,1937,1946,1958,1946,1946,1946,24
1944,96.300000,-65.300000,2016-03-14,2016-08-14,-2,-2,-2,-2,-2,-2,-2,-2,-2,-2,0
1971,55.100000,-46.300000,2016-03-14,2016-08-14,1983,1983,1987,1983,1991,1983,1983,1983,1995,1987,24
1978,254.200000,-47.800000,2016-03-14,2016-08-14,1990,1990,1990,1990,1990,1990,1981,1990,1990,1990,12
1984,69.100000,-51.300000,2016-03-14,2016-08-14,1996,2000,1996,1996,2004,1996,2000,2008,1994,1996,24
1984,225.200000,-58.100000,2016-03-14,2016-08-14,1987,1991,1996,1996,1987,1996,1996,1994,1996,2000,16
1987,219.800000,-53.100000,2016-03-14,2016-08-14,1999,1999,1999,1999,2000,1999,1995,1999,1999,1999,13
1997,321.500000,-49.000000,2016-03-14,2016-08-14,2009,2009,2003,2009,2013,2009,2017,2007,2009,2013,20
2007,281.200000,-56.200000,2016-03-14,2016-08-14,2019,2010,2014,2010,2019,2010,2010,2019,2018,2023,16
2046,288.700000,-54.500000,2016-03-14,2016-08-14,2058,2058,2062,2062,2066,2066,2070,2070,2058,2074,28
2049,45.100000,-55.200000,2016-03-14,2016-08-14,2061,2061,2061,2061,2065,2061,2065,2069,2069,2065,20
2049,111.800000,-47.200000,2016-03-14,2016-08-14,2061,2061,2061,2061,2061,2073,-2,-2,-2,-2,24
2052,192.500000,-45.600000,2016-03-14,2016-08-14,2073,2065,2064,2064,2069,2064,2074,2064,2064,2073,22
2052,195.100000,-41.000000,2016-03-14,2016-08-14,2065,-2,-2,-2,-2,-2,-2,-2,-2,-2,13
2059,164.400000,-58.600000,2016-03-14,2016-08-14,2077,2071,2077,2065,2071,2069,2071,2075,2071,2079,20
2067,264.600000,-68.800000,2016-03-14,2016-08-14,-2,-2,-2,-2,-2,-2,-2,-2,-2,-2,0
2080,90.600000,-52.400000,2016-03-14,2016-08-14,2092,2096,2100,2104,2092,2092,2096,2092,2100,2083,24
2081,180.700000,-64.100000,2016-03-14,2016-08-14,-2,-2,-2,-2,-2,-2,-2,-2,-2,-2,0
2097,327.700000,-47.600000,2016-03-14,2016-08-14,2109,2109,2109,2109,2100,2109,2109,2109,2109,2109,12
2108,67.800000,-56.100000,2016-03-14,2016-08-14,2120,2120,2113,2120,2120,2120,2111,2120,2113,2113,12
2116,198.600000,-42.600000,2016-03-14,2016-08-14,2128,2119,2128,2128,2128,2128,2128,2124,2128,2119,12
2123,155.200000,-50.300000,2016-03-14,2016-08-14,2135,2135,2135,2135,2135,2135,2135,2135,2135,2139,16
2123,34.000000,-65.100000,2016-03-14,2016-08-14,-2,-2,-2,-2,-2,-2,-2,-2,-2,-2,0
2131,286.300000,-40.100000,2016-03-14,2016-08-14,-2,-2,-2,-2,-2,-2,-2,-2,-2,-2,0
2132,142.400000,-66.100000,2016-03-14,2016-08-14,-2,-2,-2,-2,-2,-2,-2,-2,-2,-2,0
2136,288.400000,-45.200000,2016-03-14,2016-08-14,2148,2139,2139,2139,2139,2139,2139,2139,2139,2139,12
2146,82.700000,-61.600000,2016-03-14,2016-08-14,2158,2158,2158,2158,2158,2158,2158,2158,2162,2162,16
2157,207.400000,-50.000000,2016-03-14,2016-08-14,2160,2169,2164,2169,2169,2169,2169,2169,2173,2169,16
2159,155.200000,-43.600000,2016-03-14,2016-08-14,2171,2175,2162,2168,2179,2162,2172,2166,2171,2171,20
2163,203.700000,-63.100000,2016-03-14,2016-08-14,-2,-2,-2,-2,-2,-2,-2,-2,-2,-2,0
2167,25.300000,-64.400000,2016-03-14,2016-08-14,-2,-2,-2,-2,-2,-2,-2,-2,-2,-2,0
2175,278.900000,-52.500000,2016-03-14,2016-08-14,2187,2178,2187,2187,2187,2187,2187,2187,2191,2182,16
2181,27.100000,-42.900000,2016-03-14,2016-08-14,2193,2184,2193,2193,2188,2197,2201,2192,2197,2205,24
2187,207.300000,-52.500000,2016-03-14,2016-08-14,2191,2199,2199,2199,2191,2203,2191,2199,2190,-2,16
2193,276.200000,-54.600000,2016-03-14,2016-08-14,2205,2196,2196,2209,2200,2200,2205,2213,2204,2204,20
2202,357.400000,-41.200000,2016-03-14,2016-08-14,2214,2214,2214,2214,2214,2214,2214,2214,2214,2214,12
2205,75.700000,-44.600000,2016-03-14,2016-08-14,2217,2218,2221,2222,2217,2218,2217,2218,2217,2226,21
2259,126.100000,-47.500000,2016-03-14,2016-08-14,2271,2271,2271,2271,2271,2271,2271,2271,2271,2271,12
2268,255.000000,-48.800000,2016-03-14,2016-08-14,2280,2280,2280,2280,-2,-2,-2,-2,-2,-2,12
2294,115.400000,-43.400000,2016-03-14,2016-08-14,2306,2306,2306,2306,2306,2310,2314,-2,-2,-2,20
2304,310.900000,-69.700000,2016-03-14,2016-08-14,-2,-2,-2,-2,-2,-2,-2,-2,-2,-2,0
2312,83.700000,-55.000000,2016-03-14,2016-08-14,2324,2315,2324,2324,2324,2324,2324,2324,2324,2328,16
2313,341.100000,-41.000000,2016-03-14,2016-08-14,2328,2325,2325,2325,2325,2325,2325,2318,2325,2325,15
2323,210.700000,-62.500000,2016-03-14,2016-08-14,2335,2335,2326,-2,-2,-2,-2,-2,-2,-2,12
2325,168.900000,-61.500000,2016-03-14,2016-08-14,2339,2337,2330,2337,-2,-2,-2,-2,-2,-2,14
2340,152.600000,-42.500000,2016-03-14,2016-08-14,2352,2352,2352,-2,-2,-2,-2,-2,-2,-2,12
2349,159.900000,-51.000000,2016-03-14,2016-08-14,2352,2361,2361,2361,2356,2361,2361,2361,2361,2361,12
2358,13.200000,-42.700000,2016-03-14,2016-08-14,2370,2370,2370,2374,2370,2370,2374,2378,2382,2374,24
2364,249.800000,-59.900000,2016-03-14,2016-08-14,2376,2376,2376,2376,2376,2376,2376,2376,2378,2378,14
2383,139.500000,-67.100000,2016-03-14,2016-08-14,-2,-2,-2,-2,-2,-2,-2,-2,-2,-2,0
2396,3.300000,-53.100000,2016-03-14,2016-08-14,2408,2408,2408,2408,2408,2408,2408,2408,2408,2408,12
2400,233.700000,-43.600000,2016-03-14,2016-08-14,2412,2412,-2,-2,-2,-2,-2,-2,-2,-2,12
2401,308.100000,-67.200000,2016-03-14,2016-08-14,-2,-2,-2,-2,-2,-2,-2,-2,-2,-2,0
2404,138.900000,-48.500000,2016-03-14,2016-08-14,2416,2416,2416,2420,2416,2416,2416,2416,2416,-2,16
2411,163.300000,-57.000000,2016-03-14,2016-08-14,2423,2423,2423,2423,2414,2423,2423,2414,2414,2414,12
2417,25.400000,-60.100000,2016-03-14,2016-08-14,2429,2429,2429,2429,2427,2420,2429,2420,2429,2429,12
2442,133.400000,-62.400000,2016-03-14,2016-08-14,2454,2454,2454,-2,-2,-2,-2,-2,-2,-2,12
2462,358.600000,-64.400000,2016-03-14,2016-08-14,-2,-2,-2,-2,-2,-2,-2,-2,-2,-2,0
2468,186.200000,-59.400000,2016-03-14,2016-08-14,2480,2480,2480,2480,2480,2471,2480,2471,2480,2471,12
2477,178.000000,-49.100000,2016-03-14,2016-08-14,2489,2489,2489,2489,2489,2489,2489,-2,-2,-2,12
2484,125.200000,-67.800000,2016-03-14,2016-08-14,-2,-2,-2,-2,-2,-2,-2,-2,-2,-2,0
2489,49.300000,-68.600000,2016-03-14,2016-08-14,-2,-2,-2,-2,-2,-2,-2,-2,-2,-2,0
2511,164.600000,-59.700000,2016-03-14,2016-08-14,2523,2523,2523,2527,2527,2523,2523,2523,2523,2523,16
2545,6.300000,-45.700000,2016-03-14,2016-08-14,2557,2561,2557,2561,2565,2565,2569,2557,2557,2557,24
2554,285.700000,-53.500000,2016-03-14,2016-08-14,2566,2561,2566,2566,2566,2566,2566,2566,2566,2566,12
2557,248.300000,-41.000000,2016-03-14,2016-08-14,2569,2569,-2,-2,-2,-2,-2,-2,-2,-2,12
2571,20.000000,-60.800000,2016-03-14,2016-08-14,2583,2587,-2,-2,-2,-2,-2,-2,-2,-2,16
2594,153.300000,-67.700000,2016-03-14,2016-08-14,-2,-2,-2,-2,-2,-2,-2,-2,-2,-2,0
2614,65.400000,-54.300000,2016-03-14,2016-08-14,2626,2626,2630,2626,2626,2626,2626,2634,2626,2626,20
2617,318.600000,-43.700000,2016-03-14,2016-08-14,2629,2629,2629,2633,2633,2637,2641,2629,2629,2629,24
2619,164.300000,-55.500000,2016-03-14,2016-08-14,2631,2631,2635,2631,2631,2639,2631,2631,2631,2631,20
2621,49.800000,-69.200000,2016-03-14,2016-08-14,-2,-2,-2,-2,-2,-2,-2,-2,-2,-2,0
2623,43.100000,-67.600000,2016-03-14,2016-08-14,-2,-2,-2,-2,-2,-2,-2,-2,-2,-2,0
2629,313.200000,-52.700000,2016-03-14,2016-08-14,2641,2645,2649,2653,2657,2661,2665,2641,2645,2669,40
2648,188.900000,-40.800000,2016-03-14,2016-08-14,-2,-2,-2,-2,-2,-2,-2,-2,-2,-2,0
2657,336.000000,-57.600000,2016-03-14,2016-08-14,2669,2673,2677,2673,2669,2669,2669,2669,2669,2669,20
2660,53.400000,-46.500000,2016-03-14,2016-08-14,2672,2672,2672,2676,2672,2676,2672,2680,2676,2672,20
2682,303.500000,-53.100000,2016-03-14,2016-08-14,2694,2694,2694,2685,2685,2694,2694,2685,2685,2694,12
2737,236.600000,-40.800000,2016-03-14,2016-08-14,-2,-2,-2,-2,-2,-2,-2,-2,-2,-2,0
2738,16.700000,-60.300000,2016-03-14,2016-08-14,2750,2754,2750,2750,2750,2750,2750,2750,2750,2750,16
2748,41.100000,-43.200000,2016-03-14,2016-08-14,2760,2760,2760,2764,2764,2768,2772,2776,2780,2784,36
2789,103.000000,-41.000000,2016-03-14,2016-08-14,2801,-2,-2,-2,-2,-2,-2,-2,-2,-2,12
2797,247.500000,-50.100000,2016-03-14,2016-08-14,2809,2809,2809,2813,2813,2809,2809,2809,2813,2817,20
2803,246.200000,-51.200000,2016-03-14,2016-08-14,2813,2813,2809,2813,2809,2817,2815,2815,2813,2813,14
2829,215.800000,-53.500000,2016-03-14,2016-08-14,2841,2832,2841,2841,2841,2841,2841,2841,2832,2832,12
2829,42.600000,-66.700000,2016-03-14,2016-08-14,-2,-2,-2,-2,-2,-2,-2,-2,-2,-2,0
2844,110.700000,-58.500000,2016-03-14,2016-08-14,2856,2856,2860,2860,2847,2856,2856,2856,2856,2851,16
2847,157.900000,-46.900000,2016-03-14,2016-08-14,2859,2859,2859,2859,2859,2859,-2,-2,-2,-2,12
2864,329.400000,-64.200000,2016-03-14,2016-08-14,-2,-2,-2,-2,-2,-2,-2,-2,-2,-2,0
2878,204.700000,-47.200000,2016-03-14,2016-08-14,2890,2890,2881,2881,-2,-2,-2,-2,-2,-2,12
2885,281.700000,-45.300000,2016-03-14,2016-08-14,2897,2897,2897,2897,2897,2897,2897,2897,2897,2888,12
2891,176.700000,-55.900000,2016-03-14,2016-08-14,2903,2903,2903,2903,2903,2903,2903,2894,2903,2903,12
2905,205.700000,-57.900000,2016-03-14,2016-08-14,2908,2908,2917,2917,2917,2908,2912,2917,2917,2921,16
2922,142.100000,-69.800000,2016-03-14,2016-08-14,-2,-2,-2,-2,-2,-2,-2,-2,-2,-2,0
2936,332.900000,-67.200000,2016-03-14,2016-08-14,-2,-2,-2,-2,-2,-2,-2,-2,-2,-2,0
2950,64.300000,-51.500000,2016-03-14,2016-08-14,2962,2962,2962,2966,2966,2962,2962,2970,2970,2974,24
2950,99.300000,-63.600000,2016-03-14,2016-08-14,-2,-2,-2,-2,-2,-2,-2,-2,-2,-2,0
2957,131.700000,-45.300000,2016-03-14,2016-08-14,2969,2966,2969,2969,2969,2969,2969,2974,2966,2969,17
2959,75.300000,-44.600000,2016-03-14,2016-08-14,2973,2971,2975,2971,2973,2971,2971,2978,2977,2973,19
2960,291.700000,-40.600000,2016-03-14,2016-08-14,-2,-2,-2,-2,-2,-2,-2,-2,-2,-2,0
2977,325.500000,-43.700000,2016-03-14,2016-08-14,2989,2989,2989,2993,2997,2993,2993,3001,2997,3005,28
3009,186.800000,-45.000000,2016-03-14,2016-08-14,3021,3021,3021,3021,3025,3021,-2,-2,-2,-2,16
3012,188.100000,-40.600000,2016-03-14,2016-08-14,-2,-2,-2,-2,-2,-2,-2,-2,-2,-2,0
3019,272.000000,-52.200000,2016-03-14,2016-08-14,3022,3031,3031,3031,3031,3035,3031,3031,-2,-2,16
3040,164.100000,-41.100000,2016-03-14,2016-08-14,3052,3052,3052,3052,3052,3052,3043,3043,3052,3052,12
3055,313.800000,-62.400000,2016-03-14,2016-08-14,-2,-2,-2,-2,-2,-2,-2,-2,-2,-2,0
3063,284.300000,-61.800000,2016-03-14,2016-08-14,-2,-2,-2,-2,-2,-2,-2,-2,-2,-2,0
3065,190.300000,-54.600000,2016-03-14,2016-08-14,3077,3077,3077,3081,3077,3068,3077,3077,3077,3077,16
3067,171.500000,-43.500000,2016-03-14,2016-08-14,3079,3083,3087,3079,3081,-2,-2,-2,-2,-2,20
3077,276.800000,-56.800000,2016-03-14,2016-08-14,3089,3089,3081,3089,3089,3081,3089,3089,3089,3089,12
3088,243.500000,-48.700000,2016-03-14,2016-08-14,3100,3100,-2,-2,-2,-2,-2,-2,-2,-2,12
3102,273.400000,-44.300000,2016-03-14,2016-08-14,3105,3114,3114,3114,3114,3114,3114,3114,-2,-2,12
3114,315.700000,-50.000000,2016-03-14,2016-08-14,3126,3126,3126,3130,3134,3126,3130,3138,3142,3126,28
3121,342.000000,-61.700000,2016-03-14,2016-08-14,-2,-2,-2,-2,-2,-2,-2,-2,-2,-2,0
3124,172.000000,-54.000000,2016-03-14,2016-08-14,3136,3136,3136,3136,3136,3136,3136,3136,3136,3136,12
3126,89.200000,-53.300000,2016-03-14,2016-08-14,3140,3144,3148,3140,3144,3140,3138,3129,3138,3138,22
3131,201.600000,-70.000000,2016-03-14,2016-08-14,-2,-2,-2,-2,-2,-2,-2,-2,-2,-2,0
3134,254.300000,-52.400000,2016-03-14,2016-08-14,3146,3137,3146,3146,3144,3142,3146,3140,3144,3146,12
3134,19.000000,-61.800000,2016-03-14,2016-08-14,-2,-2,-2,-2,-2,-2,-2,-2,-2,-2,0
3145,72.800000,-41.200000,2016-03-14,2016-08-14,3148,3157,3157,3148,3157,3157,3150,3157,3157,3157,12
3156,148.600000,-46.900000,2016-03-14,2016-08-14,3161,3168,3168,3168,3168,3168,-2,-2,-2,-2,12
3158,93.900000,-58.600000,2016-03-14,2016-08-14,3170,3174,3161,3170,3170,3161,3165,3161,3170,3161,16
3161,210.000000,-47.300000,2016-03-14,2016-08-14,3173,3173,3172,3172,3173,-2,-2,-2,-2,-2,12
3163,17.000000,-65.300000,2016-03-14,2016-08-14,-2,-2,-2,-2,-2,-2,-2,-2,-2,-2,0
3172,215.300000,-64.000000,2016-03-14,2016-08-14,-2,-2,-2,-2,-2,-2,-2,-2,-2,-2,0
3173,321.700000,-42.100000,2016-03-14,2016-08-14,3185,3185,3176,3185,3185,3185,3185,3178,3176,3185,12
3187,262.800000,-57.200000,2016-03-14,2016-08-14,3190,3190,3199,3199,3199,3199,3199,3199,3199,3199,12
3188,179.500000,-48.700000,2016-03-14,2016-08-14,3191,3191,3200,3200,3200,3200,3200,3191,3200,3203,15
3190,119.200000,-57.900000,2016-03-14,2016-08-14,3202,3202,3193,3206,3210,3202,3202,3202,3206,3202,20
3218,289.100000,-62.800000,2016-03-14,2016-08-14,-2,-2,-2,-2,-2,-2,-2,-2,-2,-2,0
3230,31.000000,-53.800000,2016-03-14,2016-08-14,3242,3242,3242,3242,3242,3242,3242,3242,3242,3242,12
3232,335.300000,-49.700000,2016-03-14,2016-08-14,3244,3244,3244,3248,3252,3244,3256,3260,3248,3246,28
3239,135.700000,-44.400000,2016-03-14,2016-08-14,3251,3251,3251,3251,3255,3246,3251,3251,3251,3259,20
3278,114.500000,-47.700000,2016-03-14,2016-08-14,3290,3281,3290,3290,3290,3290,3294,3290,3290,3294,16
3287,357.500000,-49.500000,2016-03-14,2016-08-14,3299,-2,-2,-2,-2,-2,-2,-2,-2,-2,12
3306,217.100000,-69.700000,2016-03-14,2016-08-14,-2,-2,-2,-2,-2,-2,-2,-2,-2,-2,0
3309,275.600000,-62.300000,2016-03-14,2016-08-14,-2,-2,-2,-2,-2,-2,-2,-2,-2,-2,0
3312,89.200000,-50.900000,2016-03-14,2016-08-14,3324,3324,3324,3315,3324,3324,3324,3324,3324,3324,12
3323,133.000000,-69.700000,2016-03-14,2016-08-14,-2,-2,-2,-2,-2,-2,-2,-2,-2,-2,0
3337,35.400000,-44.600000,2016-03-14,2016-08-14,3349,3349,3349,3353,3357,3353,3357,3349,3340,3349,20
3344,77.200000,-48.400000,2016-03-14,2016-08-14,3356,3347,3356,3356,3360,3360,3364,3368,3361,3372,28
3345,17.400000,-67.600000,2016-03-14,2016-08-14,-2,-2,-2,-2,-2,-2,-2,-2,-2,-2,0
3363,344.300000,-68.700000,2016-03-14,2016-08-14,-2,-2,-2,-2,-2,-2,-2,-2,-2,-2,0
3371,91.100000,-62.600000,2016-03-14,2016-08-14,3383,3383,3383,3383,3383,-2,-2,-2,-2,-2,12
3376,329.700000,-65.900000,2016-03-14,2016-08-14,-2,-2,-2,-2,-2,-2,-2,-2,-2,-2,0
3382,23.500000,-51.900000,2016-03-14,2016-08-14,3394,3398,3402,3406,3410,3414,3394,3398,3394,3418,36
3390,306.100000,-46.400000,2016-03-14,2016-08-14,3402,3402,3406,3402,3410,3406,3393,3397,3414,3401,24
3393,347.900000,-65.500000,2016-03-14,2016-08-14,-2,-2,-2,-2,-2,-2,-2,-2,-2,-2,0
3398,208.600000,-62.300000,2016-03-14,2016-08-14,3410,3410,3410,3410,3410,3401,3401,3410,3410,3401,12
3400,191.500000,-46.600000,2016-03-14,2016-08-14,3412,3414,3406,3412,3410,3412,3414,-2,-2,-2,14
3427,23.500000,-62.300000,2016-03-14,2016-08-14,-2,-2,-2,-2,-2,-2,-2,-2,-2,-2,0
3436,127.800000,-49.100000,2016-03-14,2016-08-14,3448,3448,3448,3448,3448,3448,3448,3448,3452,-2,16
3456,256.400000,-57.600000,2016-03-14,2016-08-14,3468,3468,3472,3468,3468,3468,3472,3459,3468,3468,16
3476,64.600000,-47.700000,2016-03-14,2016-08-14,3488,3488,3488,3488,3488,3488,3492,3488,3488,3488,16
3485,226.300000,-46.500000,2016-03-14,2016-08-14,3497,3492,3497,3492,3501,3497,3497,3501,-2,-2,16
3488,73.700000,-47.800000,2016-03-14,2016-08-14,3500,3491,3500,3500,3500,3496,3500,3500,3505,3492,17
3503,207.300000,-42.600000,2016-03-14,2016-08-14,3515,3515,3515,3519,3515,3519,3523,3527,-2,-2,24
3507,123.500000,-43.000000,2016-03-14,2016-08-14,3510,3519,3514,3510,3510,3510,3514,3523,3527,3531,24
3520,164.200000,-57.600000,2016-03-14,2016-08-14,3532,3523,3523,3532,3527,3527,3531,3536,3532,3536,16
3563,51.300000,-52.400000,2016-03-14,2016-08-14,3575,3575,3575,3575,3575,3579,3579,3575,3579,3579,16
3615,217.100000,-54.100000,2016-03-14,2016-08-14,3627,3627,3627,3631,3627,3627,3627,3627,3627,3627,16
3636,322.700000,-60.300000,2016-03-14,2016-08-14,3648,3648,3648,3648,3648,3648,3648,3648,3648,3648,12
3636,29.400000,-51.100000,2016-03-14,2016-08-14,3648,3652,3648,3648,3652,3652,3656,3652,3648,3648,20
3673,337.700000,-59.200000,2016-03-14,2016-08-14,3685,3685,3689,3693,3676,3685,3685,3676,3685,3676,20
3683,196.700000,-63.900000,2016-03-14,2016-08-14,-2,-2,-2,-2,-2,-2,-2,-2,-2,-2,0
3683,88.100000,-54.400000,2016-03-14,2016-08-14,3695,3695,3695,3695,3695,3699,3703,3707,3689,3711,28
3687,88.100000,-56.300000,2016-03-14,2016-08-14,3699,3699,3699,3699,3699,3693,3690,3699,3690,3699,12
3690,58.300000,-66.300000,2016-03-14,2016-08-14,-2,-2,-2,-2,-2,-2,-2,-2,-2,-2,0
3694,359.600000,-57.400000,2016-03-14,2016-08-14,3703,3706,3706,3703,3706,3703,3706,3706,3706,3706,12
3711,69.300000,-57.800000,2016-03-14,2016-08-14,3714,3714,3718,3715,3723,3727,3723,3727,3723,3723,16
3721,183.000000,-49.300000,2016-03-14,2016-08-14,3733,3733,3733,3733,3733,3733,3733,-2,-2,-2,12
3722,86.100000,-68.100000,2016-03-14,2016-08-14,-2,-2,-2,-2,-2,-2,-2,-2,-2,-2,0
3732,43.500000,-45.500000,2016-03-14,2016-08-14,3744,3744,3748,3752,3744,3748,3744,3744,3744,3744,20
3750,217.200000,-57.000000,2016-03-14,2016-08-14,3762,3753,3762,3762,3762,3762,3762,3762,3762,3766,16
3752,42.800000,-44.500000,2016-03-14,2016-08-14,3764,3768,3755,3764,3764,3764,3772,3764,3755,3755,20
3769,75.400000,-43.200000,2016-03-14,2016-08-14,3772,3781,3785,3776,3780,3784,3788,3781,3789,3772,20
3771,315.900000,-59.300000,2016-03-14,2016-08-14,3783,3783,3774,3785,3774,3783,3783,3783,3783,3783,14
3773,29.900000,-61.200000,2016-03-14,2016-08-14,3785,3789,3785,-2,-2,-2,-2,-2,-2,-2,16
3788,159.700000,-51.400000,2016-03-14,2016-08-14,3800,3800,3804,3800,3808,3800,3791,3800,3800,3800,20
3788,201.200000,-47.200000,2016-03-14,2016-08-14,3800,3800,3800,3800,3793,-2,-2,-2,-2,-2,12
3789,304.600000,-68.300000,2016-03-14,2016-08-14,-2,-2,-2,-2,-2,-2,-2,-2,-2,-2,0
3789,211.900000,-46.500000,2016-03-14,2016-08-14,3804,3801,3805,3801,3804,-2,-2,-2,-2,-2,16
3793,1.500000,-44.600000,2016-03-14,2016-08-14,3805,3796,3805,3796,3796,3805,3796,3796,3808,3805,15
3796,172.300000,-65.600000,2016-03-14,2016-08-14,-2,-2,-2,-2,-2,-2,-2,-2,-2,-2,0
3801,162.500000,-40.900000,2016-03-14,2016-08-14,-2,-2,-2,-2,-2,-2,-2,-2,-2,-2,0
3804,284.800000,-57.700000,2016-03-14,2016-08-14,3807,3811,3816,3815,3820,3824,3819,3828,3832,3836,32
3810,243.100000,-50.300000,2016-03-14,2016-08-14,3813,3822,3822,3813,3813,3813,3817,3826,3817,3813,16
3821,47.400000,-44.200000,2016-03-14,2016-08-14,3833,3833,3837,3837,3841,3845,3824,3833,3833,3849,28
3827,265.600000,-41.900000,2016-03-14,2016-08-14,3839,3839,3839,-2,-2,-2,-2,-2,-2,-2,12
3833,158.600000,-64.100000,2016-03-14,2016-08-14,-2,-2,-2,-2,-2,-2,-2,-2,-2,-2,0
3841,185.900000,-64.800000,2016-03-14,2016-08-14,-2,-2,-2,-2,-2,-2,-2,-2,-2,-2,0
3842,131.700000,-69.400000,2016-03-14,2016-08-14,-2,-2,-2,-2,-2,-2,-2,-2,-2,-2,0
3872,126.000000,-69.900000,2016-03-14,2016-08-14,-2,-2,-2,-2,-2,-2,-2,-2,-2,-2,0
3883,214.600000,-45.800000,2016-03-14,2016-08-14,3895,3895,3895,3895,3895,3899,3899,3895,3895,3895,16
3885,169.700000,-44.800000,2016-03-14,2016-08-14,3899,3897,3897,3897,3897,3897,3899,3899,3897,3899,14
3887,244.500000,-50.600000,2016-03-14,2016-08-14,3899,3903,3899,3899,3903,3903,3907,3899,3903,3899,20
3897,265.300000,-40.500000,2016-03-14,2016-08-14,-2,-2,-2,-2,-2,-2,-2,-2,-2,-2,0
3897,243.600000,-67.900000,2016-03-14,2016-08-14,-2,-2,-2,-2,-2,-2,-2,-2,-2,-2,0
3905,78.600000,-62.200000,2016-03-14,2016-08-14,3917,3917,3917,3917,3917,3917,3921,3917,3917,3917,16
3907,210.300000,-47.200000,2016-03-14,2016-08-14,3919,3921,3910,3919,3910,-2,-2,-2,-2,-2,14
3920,136.200000,-58.000000,2016-03-14,2016-08-14,3932,3932,3936,3932,3932,3932,3932,3936,3932,3936,16
3936,322.600000,-55.700000,2016-03-14,2016-08-14,3948,3952,3956,3939,3948,3960,3948,3948,3948,3952,24
3942,249.100000,-64.100000,2016-03-14,2016-08-14,-2,-2,-2,-2,-2,-2,-2,-2,-2,-2,0
3948,111.500000,-55.300000,2016-03-14,2016-08-14,3960,3960,3951,3960,3960,3960,3952,3960,3960,3960,12
3950,247.800000,-47.900000,2016-03-14,2016-08-14,-2,-2,-2,-2,-2,-2,-2,-2,-2,-2,0
3971,114.500000,-49.500000,2016-03-14,2016-08-14,3983,3987,3983,3983,3983,3983,3983,3983,3974,3983,16
3982,89.400000,-48.100000,2016-03-14,2016-08-14,3994,3994,3994,3994,3994,3994,3994,3994,3994,3994,12
3983,283.400000,-43.400000,2016-03-14,2016-08-14,3995,3987,-2,-2,-2,-2,-2,-2,-2,-2,12
3985,154.300000,-62.600000,2016-03-14,2016-08-14,3997,3997,3997,3997,3988,3997,3997,3997,3997,3997,12
3986,13.300000,-46.300000,2016-03-14,2016-08-14,3998,3998,4002,4002,4006,3998,4001,4005,4009,4006,23
3994,344.200000,-53.000000,2016-03-14,2016-08-14,4006,4010,4014,4018,4022,4026,4006,4030,4010,4014,36
4000,316.200000,-43.900000,2016-03-14,2016-08-14,4003,4003,4007,4007,4012,4016,4011,4020,4012,4016,20
4006,285.900000,-57.400000,2016-03-14,2016-08-14,4034,4009,4013,4017,4021,4025,4018,4022,4026,4029,28
4011,20.800000,-43.800000,2016-03-14,2016-08-14,4023,4023,4027,4014,4031,4023,4035,4027,4023,4027,24
4013,36.600000,-40.200000,2016-03-14,2016-08-14,-2,-2,-2,-2,-2,-2,-2,-2,-2,-2,0
4015,351.200000,-53.700000,2016-03-14,2016-08-14,4027,4033,4027,4027,4018,4018,4027,4018,4027,4027,18
4023,233.600000,-45.000000,2016-03-14,2016-08-14,4035,4035,4035,4035,4035,4026,4035,4031,4035,4026,12
4041,250.500000,-61.200000,2016-03-14,2016-08-14,4053,4053,4053,4053,4053,4057,4057,4053,4057,4053,16
4042,310.000000,-48.100000,2016-03-14,2016-08-14,4045,4054,4045,4045,4054,4054,4054,4045,4045,4045,12
4042,76.700000,-56.500000,2016-03-14,2016-08-14,4045,4045,4058,4058,4058,4049,4054,4054,4045,4054,16
4048,225.600000,-55.900000,2016-03-14,2016-08-14,4060,4051,4060,4064,4051,4051,4060,4060,4055,4062,16
4065,25.800000,-40.900000,2016-03-14,2016-08-14,-2,-2,-2,-2,-2,-2,-2,-2,-2,-2,0
4065,260.300000,-68.000000,2016-03-14,2016-08-14,-2,-2,-2,-2,-2,-2,-2,-2,-2,-2,0
4067,322.800000,-63.400000,2016-03-14,2016-08-14,-2,-2,-2,-2,-2,-2,-2,-2,-2,-2,0
4075,342.000000,-58.000000,2016-03-14,2016-08-14,4078,4082,4086,4090,4087,4078,4087,4082,4094,4098,23
4078,126.800000,-48.400000,2016-03-14,2016-08-14,4090,4090,4090,4090,4090,4090,4090,4081,4090,4081,12
4087,18.300000,-68.100000,2016-03-14,2016-08-14,-2,-2,-2,-2,-2,-2,-2,-2,-2,-2,0
4090,322.800000,-51.600000,2016-03-14,2016-08-14,4102,4102,4106,4110,4102,4102,4094,4102,4094,4102,20
4096,284.800000,-51.600000,2016-03-14,2016-08-14,4099,4108,4103,4108,4106,4099,4108,4108,4108,4108,12
4103,1.200000,-51.600000,2016-03-14,2016-08-14,4106,4106,4106,4106,4110,4106,4115,4112,4115,4112,12
4105,212.100000,-42.700000,2016-03-14,2016-08-14,4117,4117,4117,4121,4117,4125,4108,-2,-2,-2,20
4106,87.500000,-55.700000,2016-03-14,2016-08-14,4118,4109,4122,4118,4126,4109,4118,4122,4118,4126,20
4113,23.500000,-48.400000,2016-03-14,2016-08-14,4125,4129,4133,4116,4116,4125,4116,4125,4116,4119,20
4119,354.400000,-69.500000,2016-03-14,2016-08-14,-2,-2,-2,-2,-2,-2,-2,-2,-2,-2,0
4130,347.400000,-65.600000,2016-03-14,2016-08-14,-2,-2,-2,-2,-2,-2,-2,-2,-2,-2,0
4132,353.300000,-58.700000,2016-03-14,2016-08-14,4135,4139,4144,4143,4147,4151,4148,4152,4155,4159,27
4136,330.400000,-51.700000,2016-03-14,2016-08-14,4148,4148,4152,4148,4148,4152,4156,4156,4160,4160,24
4142,83.500000,-51.100000,2016-03-14,2016-08-14,4154,4154,4154,4154,4154,4154,4154,4154,4154,4164,22
4145,181.200000,-42.800000,2016-03-14,2016-08-14,4157,4157,4158,4148,4158,4157,4158,4158,4157,4158,13
4157,345.200000,-45.700000,2016-03-14,2016-08-14,4169,4169,4173,4177,4169,4173,4177,4181,4181,4185,28
4157,258.200000,-53.700000,2016-03-14,2016-08-14,4169,4168,4169,4169,4163,4169,4169,4169,4169,4169,12
4162,32.900000,-56.000000,2016-03-14,2016-08-14,4173,4177,4174,4178,4181,4185,4189,4193,4182,4197,35
4169,150.500000,-47.600000,2016-03-14,2016-08-14,4181,4181,4181,4181,4172,4185,4181,-2,-2,-2,16
4172,145.000000,-41.700000,2016-03-14,2016-08-14,4175,4184,4175,4175,4175,4175,4175,4176,4175,4189,17
4228,84.500000,-48.200000,2016-03-14,2016-08-14,4240,4240,4240,4240,4240,4240,4240,4240,4244,4244,16
4232,203.900000,-47.300000,2016-03-14,2016-08-14,4244,4244,4244,4244,-2,-2,-2,-2,-2,-2,12
4242,103.200000,-48.000000,2016-03-14,2016-08-14,4254,4248,4248,4254,4254,-2,-2,-2,-2,-2,12
4274,4.700000,-45.800000,2016-03-14,2016-08-14,4286,4290,4286,4294,4290,4286,4286,4286,4286,4286,20
4275,166.400000,-56.000000,2016-03-14,2016-08-14,4287,4287,4287,4287,4287,4287,4287,4287,4287,4287,12
4279,168.700000,-57.000000,2016-03-14,2016-08-14,4291,4291,4295,4299,4291,4291,4303,4295,4291,4291,24
4285,212.800000,-50.100000,2016-03-14,2016-08-14,4297,4297,4301,4297,4297,4297,4301,4305,4297,4297,20
4297,354.100000,-54.100000,2016-03-14,2016-08-14,4309,4301,4300,4300,4309,4300,4309,4309,4309,4300,12
4310,72.700000,-60.300000,2016-03-14,2016-08-14,4322,4322,4322,4326,4322,4313,4322,4326,4317,4313,16
4313,147.000000,-53.000000,2016-03-14,2016-08-14,4316,4316,4316,4330,4325,4320,4325,4316,4316,4325,17
4320,242.800000,-65.800000,2016-03-14,2016-08-14,-2,-2,-2,-2,-2,-2,-2,-2,-2,-2,0
4328,212.700000,-61.200000,2016-03-14,2016-08-14,4340,4340,4331,4334,4331,4340,4331,4340,4340,4340,12
4330,244.200000,-64.100000,2016-03-14,2016-08-14,-2,-2,-2,-2,-2,-2,-2,-2,-2,-2,0
4336,343.200000,-52.100000,2016-03-14,2016-08-14,4348,4352,4356,4360,4364,4368,4372,4376,4348,4380,44
4337,278.700000,-57.600000,2016-03-14,2016-08-14,4349,4349,4349,4349,4349,4349,4349,4384,4344,4349,47
4339,17.400000,-45.600000,2016-03-14,2016-08-14,4344,4351,4348,4355,4352,4344,4359,4348,4351,4353,20
4346,152.500000,-44.600000,2016-03-14,2016-08-14,4353,4353,4358,4353,4358,4358,4357,4353,4358,4353,12
4347,265.000000,-46.300000,2016-03-14,2016-08-14,4357,4362,4363,4362,4359,4359,4363,4359,4366,4350,19
4349,165.900000,-55.000000,2016-03-14,2016-08-14,4361,4361,4361,4352,4362,4361,4352,4356,4360,4353,13
4353,45.500000,-50.300000,2016-03-14,2016-08-14,4367,4365,4371,4367,4375,4379,4365,4369,4356,4356,26
4358,157.700000,-43.300000,2016-03-14,2016-08-14,4370,4374,4370,4361,4374,4378,4378,-2,-2,-2,20
4375,50.500000,-46.600000,2016-03-14,2016-08-14,4387,4378,4387,4387,4391,4387,4387,4391,4378,4387,16
4400,113.000000,-62.000000,2016-03-14,2016-08-14,4412,4412,4412,4412,4412,4403,4412,4412,4412,4412,12
4409,269.900000,-58.700000,2016-03-14,2016-08-14,4421,4421,4421,4416,4425,4421,4421,4421,4425,4416,16
4422,259.300000,-46.400000,2016-03-14,2016-08-14,4425,4434,4434,4434,4438,4425,4434,-2,-2,-2,16
4429,133.300000,-44.900000,2016-03-14,2016-08-14,4432,4441,4442,4441,4441,4441,-2,-2,-2,-2,13
4439,217.000000,-50.300000,2016-03-14,2016-08-14,4442,4451,4451,4446,4451,4455,4451,4451,4451,4445,16
4446,121.400000,-69.700000,2016-03-14,2016-08-14,-2,-2,-2,-2,-2,-2,-2,-2,-2,-2,0
4447,178.500000,-52.300000,2016-03-14,2016-08-14,4459,4450,4450,4459,4459,4459,4459,4459,4459,4459,12
4449,16.900000,-59.400000,2016-03-14,2016-08-14,4452,4461,4461,4452,4461,4452,4452,4452,4461,4461,12
4451,108.700000,-50.100000,2016-03-14,2016-08-14,4463,4463,4467,4463,4455,4456,4465,4463,4463,4454,16
4453,331.400000,-54.400000,2016-03-14,2016-08-14,4456,4460,4463,4464,4468,4472,4465,4476,4480,4456,27
4455,266.700000,-61.600000,2016-03-14,2016-08-14,-2,-2,-2,-2,-2,-2,-2,-2,-2,-2,0
4456,136.100000,-45.900000,2016-03-14,2016-08-14,4468,4459,4468,4459,4468,4463,4463,4459,-2,-2,12
4465,327.500000,-45.400000,2016-03-14,2016-08-14,4468,4477,4477,4477,4477,4477,4477,4477,4468,4477,12
4477,180.100000,-52.200000,2016-03-14,2016-08-14,4489,4480,4480,4480,4480,4489,4480,4480,4480,-2,12
4483,128.000000,-63.400000,2016-03-14,2016-08-14,4495,4495,4495,4495,4486,4495,4495,4495,4486,4495,12
4507,237.100000,-63.600000,2016-03-14,2016-08-14,-2,-2,-2,-2,-2,-2,-2,-2,-2,-2,0
4508,85.500000,-52.700000,2016-03-14,2016-08-14,4520,4520,4520,4524,4520,4520,4524,4520,4528,4520,20
4508,40.800000,-61.800000,2016-03-14,2016-08-14,4520,4524,4511,4515,-2,-2,-2,-2,-2,-2,16
4508,229.400000,-61.300000,2016-03-14,2016-08-14,4511,4511,4511,4515,4515,4520,4520,-2,-2,-2,12
4516,59.100000,-50.800000,2016-03-14,2016-08-14,4524,4528,4524,4528,4528,4528,4528,4524,4528,4528,12
4544,344.600000,-56.200000,2016-03-14,2016-08-14,4556,4556,4556,4547,4560,4547,4556,4556,4556,4556,16
4578,116.700000,-50.900000,2016-03-14,2016-08-14,4590,4590,4590,4590,4590,4590,4590,4594,4590,4594,16
4584,265.100000,-46.900000,2016-03-14,2016-08-14,4596,4596,4596,4596,4596,4596,4600,4600,-2,-2,16
4584,332.500000,-60.300000,2016-03-14,2016-08-14,4600,4596,4596,4600,4596,4594,4596,4596,4596,4596,16
4593,201.100000,-56.200000,2016-03-14,2016-08-14,4605,4605,4604,4600,4600,4605,4605,4600,4605,4605,12
4598,65.700000,-59.200000,2016-03-14,2016-08-14,4604,4609,4601,4608,4604,4604,4609,4609,4604,4601,11
4611,287.400000,-50.000000,2016-03-14,2016-08-14,4614,4614,4614,4614,4614,4614,4623,4623,4614,4618,12
4614,210.900000,-47.600000,2016-03-14,2016-08-14,4617,4627,4626,-2,-2,-2,-2,-2,-2,-2,13
4643,237.000000,-54.900000,2016-03-14,2016-08-14,4655,4655,4655,4655,4655,4659,4663,4655,4667,4671,28
4674,235.700000,-66.200000,2016-03-14,2016-08-14,-2,-2,-2,-2,-2,-2,-2,-2,-2,-2,0
4686,227.600000,-56.800000,2016-03-14,2016-08-14,4698,4698,4698,4702,4698,4698,4698,4698,4698,4698,16
4697,257.800000,-41.700000,2016-03-14,2016-08-14,4709,4709,-2,-2,-2,-2,-2,-2,-2,-2,12
4697,346.900000,-52.600000,2016-03-14,2016-08-14,4709,4713,4717,4721,4725,4729,4733,4709,4709,4713,36
4701,149.500000,-47.200000,2016-03-14,2016-08-14,4713,4713,4713,4713,4713,4713,4717,4713,4713,-2,16
4711,358.900000,-59.500000,2016-03-14,2016-08-14,4723,4714,4723,4714,4723,4723,4714,4714,4723,4723,12
4722,178.700000,-58.200000,2016-03-14,2016-08-14,4725,4729,4725,4725,4734,4733,4734,4734,4734,4733,12
4726,181.400000,-58.400000,2016-03-14,2016-08-14,4729,4729,4738,4733,4738,4737,4737,4738,4729,4742,16
4729,328.000000,-69.800000,2016-03-14,2016-08-14,-2,-2,-2,-2,-2,-2,-2,-2,-2,-2,0
4741,132.400000,-56.600000,2016-03-14,2016-08-14,4753,4753,4753,4744,4746,4753,4744,4744,4744,4753,12
4755,277.700000,-68.400000,2016-03-14,2016-08-14,-2,-2,-2,-2,-2,-2,-2,-2,-2,-2,0
4761,94.800000,-57.200000,2016-03-14,2016-08-14,4773,4764,4764,4773,4764,4773,4764,4764,4764,4768,12
4770,326.000000,-67.700000,2016-03-14,2016-08-14,-2,-2,-2,-2,-2,-2,-2,-2,-2,-2,0
4795,84.300000,-61.400000,2016-03-14,2016-08-14,4807,4807,4807,4807,4807,4807,4807,4807,4811,4811,16
4810,242.500000,-66.600000,2016-03-14,2016-08-14,-2,-2,-2,-2,-2,-2,-2,-2,-2,-2,0
4828,346.500000,-55.500000,2016-03-14,2016-08-14,4840,4840,4831,4835,4840,4840,4839,4844,4840,4844,16
4836,181.300000,-69.200000,2016-03-14,2016-08-14,-2,-2,-2,-2,-2,-2,-2,-2,-2,-2,0
4836,110.000000,-65.900000,2016-03-14,2016-08-14,-2,-2,-2,-2,-2,-2,-2,-2,-2,-2,0
4847,355.400000,-63.900000,2016-03-14,2016-08-14,-2,-2,-2,-2,-2,-2,-2,-2,-2,-2,0
4851,171.400000,-57.700000,2016-03-14,2016-08-14,4863,4867,4863,4863,4863,4863,4863,4863,4867,4871,20
4853,245.200000,-42.500000,2016-03-14,2016-08-14,4856,4865,4867,4860,4865,4865,4864,4865,-2,-2,14
4854,163.600000,-58.300000,2016-03-14,2016-08-14,4866,4866,4870,4866,4866,4866,4866,4870,4866,4870,16
4862,257.600000,-63.800000,2016-03-14,2016-08-14,-2,-2,-2,-2,-2,-2,-2,-2,-2,-2,0
4873,300.800000,-51.600000,2016-03-14,2016-08-14,4876,4880,4876,4885,4889,4885,4885,4876,4885,4885,16
4880,221.300000,-48.400000,2016-03-14,2016-08-14,4892,4892,4892,-2,-2,-2,-2,-2,-2,-2,12
4883,243.800000,-47.400000,2016-03-14,2016-08-14,4896,4889,4895,4895,4895,4900,-2,-2,-2,-2,17
4889,138.400000,-67.700000,2016-03-14,2016-08-14,-2,-2,-2,-2,-2,-2,-2,-2,-2,-2,0
4894,19.700000,-69.600000,2016-03-14,2016-08-14,-2,-2,-2,-2,-2,-2,-2,-2,-2,-2,0
4915,233.400000,-58.400000,2016-03-14,2016-08-14,4927,4927,4927,4927,4927,4931,4931,4927,4927,4931,16
4950,172.500000,-53.200000,2016-03-14,2016-08-14,4962,4962,4962,4962,4953,4962,4962,4962,4962,4962,12
4951,156.600000,-53.200000,2016-03-14,2016-08-14,4963,4963,4963,4963,4963,4963,4954,4963,4963,4963,12
4951,271.300000,-69.600000,2016-03-14,2016-08-14,-2,-2,-2,-2,-2,-2,-2,-2,-2,-2,0
4958,44.300000,-50.300000,2016-03-14,2016-08-14,4970,4974,4970,4978,4982,4986,4967,4970,4970,4970,28
4961,228.400000,-56.800000,2016-03-14,2016-08-14,4973,4967,4971,4973,4977,4966,4973,4973,4974,4967,16
4962,136.700000,-43.900000,2016-03-14,2016-08-14,4967,4974,4974,4971,4974,4978,4982,4974,4978,4974,20
4971,289.200000,-45.100000,2016-03-14,2016-08-14,4983,4974,4983,4983,4983,4983,4987,4978,4987,4987,16
4998,313.300000,-69.300000,2016-03-14,2016-08-14,-2,-2,-2,-2,-2,-2,-2,-2,-2,-2,0
5005,269.000000,-41.800000,2016-03-14,2016-08-14,5017,5017,5017,5017,5017,5017,5017,5017,5017,5017,12
5016,275.700000,-67.800000,2016-03-14,2016-08-14,-2,-2,-2,-2,-2,-2,-2,-2,-2,-2,0
5041,247.500000,-66.800000,2016-03-14,2016-08-14,-2,-2,-2,-2,-2,-2,-2,-2,-2,-2,0
5046,307.000000,-42.500000,2016-03-14,2016-08-14,5058,5062,5058,5058,5066,5058,5058,5058,5058,5062,20
5056,139.200000,-52.000000,2016-03-14,2016-08-14,5068,5068,5068,5068,5068,5072,5068,5072,5068,5068,16
5078,243.800000,-60.900000,2016-03-14,2016-08-14,5090,5081,5090,5090,5090,5090,5090,5090,5090,5090,12
5091,198.700000,-43.000000,2016-03-14,2016-08-14,5103,-2,-2,-2,-2,-2,-2,-2,-2,-2,12
5100,317.200000,-62.600000,2016-03-14,2016-08-14,-2,-2,-2,-2,-2,-2,-2,-2,-2,-2,0
5110,252.500000,-68.800000,2016-03-14,2016-08-14,-2,-2,-2,-2,-2,-2,-2,-2,-2,-2,0
5115,68.200000,-57.900000,2016-03-14,2016-08-14,5127,5127,5131,5127,5127,5127,5127,5131,5127,5118,16
5127,179.400000,-52.200000,2016-03-14,2016-08-14,5139,5131,5139,5139,5139,5139,5139,5131,5139,5139,12
5129,145.700000,-60.000000,2016-03-14,2016-08-14,5141,5132,5141,5141,5145,5145,5136,5145,5141,5141,16
5129,355.600000,-60.200000,2016-03-14,2016-08-14,5145,5141,5141,5141,5143,5143,5143,5141,5141,5143,16
5150,132.900000,-41.300000,2016-03-14,2016-08-14,5162,5162,-2,-2,-2,-2,-2,-2,-2,-2,12
5156,224.600000,-47.800000,2016-03-14,2016-08-14,5168,5168,-2,-2,-2,-2,-2,-2,-2,-2,12
5176,52.700000,-48.700000,2016-03-14,2016-08-14,5188,5192,5188,5188,5192,5192,5196,5188,5192,5196,20
5195,211.900000,-53.800000,2016-03-14,2016-08-14,5207,5207,5207,5198,5211,5207,5207,5207,5207,5207,16
5214,345.200000,-55.700000,2016-03-14,2016-08-14,5226,5226,5230,5226,5226,5230,5234,5238,5226,5226,24
5215,250.900000,-69.200000,2016-03-14,2016-08-14,-2,-2,-2,-2,-2,-2,-2,-2,-2,-2,0
5242,263.200000,-58.600000,2016-03-14,2016-08-14,5245,5254,5254,5258,5254,5254,5258,5258,5254,5258,16
5274,225.300000,-44.900000,2016-03-14,2016-08-14,5286,5286,5286,-2,-2,-2,-2,-2,-2,-2,12
5280,16.200000,-63.000000,2016-03-14,2016-08-14,-2,-2,-2,-2,-2,-2,-2,-2,-2,-2,0
5283,272.200000,-60.300000,2016-03-14,2016-08-14,5295,5295,5295,5295,5295,5295,5295,5295,5299,5295,16
5297,261.600000,-50.300000,2016-03-14,2016-08-14,5309,5309,5313,5313,5309,5309,5317,5313,5309,5317,20
5309,66.200000,-62.800000,2016-03-14,2016-08-14,5321,5321,5321,5321,5321,5321,5321,5321,5321,5321,12
5318,343.300000,-50.700000,2016-03-14,2016-08-14,5330,5330,5325,5330,5330,5330,5321,5325,5330,5330,12
5319,171.400000,-49.800000,2016-03-14,2016-08-14,5331,5331,5331,5322,5322,5322,5334,5322,5326,5331,15
5329,59.000000,-43.600000,2016-03-14,2016-08-14,5334,5341,5338,5345,5332,5334,5341,5345,5342,5349,20
5332,351.200000,-47.200000,2016-03-14,2016-08-14,5344,5348,5338,5335,5344,5335,5335,5335,5335,5335,16
5340,51.700000,-55.900000,2016-03-14,2016-08-14,5343,5343,5347,5343,5343,5351,5343,5343,5343,5343,11
5346,60.500000,-52.500000,2016-03-14,2016-08-14,5349,5353,5358,5362,5349,5353,5366,5357,5358,5349,20
5355,26.500000,-47.500000,2016-03-14,2016-08-14,5367,5367,5371,5367,5358,5358,5361,5358,5358,5358,16
5356,271.900000,-45.900000,2016-03-14,2016-08-14,5368,5368,5359,5368,5359,5368,5368,5359,5359,5368,12
5362,26.700000,-62.700000,2016-03-14,2016-08-14,-2,-2,-2,-2,-2,-2,-2,-2,-2,-2,0
5364,160.000000,-58.100000,2016-03-14,2016-08-14,5376,5380,5367,5372,5367,5371,5384,5376,5376,5367,20
5393,144.100000,-50.100000,2016-03-14,2016-08-14,5405,5405,5405,5405,5405,5409,5405,5405,5405,5405,16
5400,246.500000,-60.900000,2016-03-14,2016-08-14,5409,5412,5409,5412,5412,5409,5412,5412,5412,5412,12
5425,318.900000,-59.500000,2016-03-14,2016-08-14,5428,5437,5428,5428,5428,5437,5437,5437,5428,5428,12
5450,100.400000,-52.000000,2016-03-14,2016-08-14,5462,5462,5462,5466,5466,5466,5470,5470,5470,5474,24
5454,63.200000,-55.600000,2016-03-14,2016-08-14,5466,5466,5466,5466,5470,5466,5474,5470,5470,5466,20
5466,97.500000,-58.000000,2016-03-14,2016-08-14,5478,5478,5478,5478,5482,5478,5482,5482,5486,5478,20
5487,201.700000,-69.200000,2016-03-14,2016-08-14,-2,-2,-2,-2,-2,-2,-2,-2,-2,-2,0
5504,7.900000,-41.500000,2016-03-14,2016-08-14,5516,5516,5516,5516,5516,5516,5516,5516,5516,5516,12
5512,146.600000,-69.100000,2016-03-14,2016-08-14,-2,-2,-2,-2,-2,-2,-2,-2,-2,-2,0
5527,76.200000,-54.100000,2016-03-14,2016-08-14,5539,5530,5539,5539,5539,5530,5530,5539,5539,5539,12
5538,298.200000,-54.200000,2016-03-14,2016-08-14,5550,5543,5550,5543,5543,5543,5541,5541,5543,5543,12
5545,252.600000,-49.600000,2016-03-14,2016-08-14,5557,5557,5557,-2,-2,-2,-2,-2,-2,-2,12
5571,184.700000,-67.300000,2016-03-14,2016-08-14,-2,-2,-2,-2,-2,-2,-2,-2,-2,-2,0
5595,347.500000,-69.000000,2016-03-14,2016-08-14,-2,-2,-2,-2,-2,-2,-2,-2,-2,-2,0
5639,323.000000,-46.700000,2016-03-14,2016-08-14,5651,5655,5659,5651,5651,5651,5651,5655,5651,5663,24
5662,81.300000,-47.200000,2016-03-14,2016-08-14,5674,5674,5674,5674,5678,5674,5682,5674,5674,5674,20
5664,313.600000,-60.500000,2016-03-14,2016-08-14,5676,5676,5678,5676,5676,5678,5676,5676,5676,5676,14
5669,222.600000,-41.800000,2016-03-14,2016-08-14,5681,-2,-2,-2,-2,-2,-2,-2,-2,-2,12
5670,201.900000,-64.000000,2016-03-14,2016-08-14,-2,-2,-2,-2,-2,-2,-2,-2,-2,-2,0
5694,343.800000,-52.800000,2016-03-14,2016-08-14,5706,5710,5714,5718,5722,5726,5730,5706,5734,5738,44
5706,70.000000,-56.000000,2016-03-14,2016-08-14,5718,5718,5718,5718,5718,5718,5718,5718,5718,5718,12
5714,193.400000,-48.300000,2016-03-14,2016-08-14,5726,5726,5726,5726,5726,5726,-2,-2,-2,-2,12
5721,357.600000,-54.700000,2016-03-14,2016-08-14,5733,5737,5741,5745,5749,5753,5757,5761,5765,5769,48
5761,334.400000,-69.600000,2016-03-14,2016-08-14,-2,-2,-2,-2,-2,-2,-2,-2,-2,-2,0
5770,122.300000,-53.600000,2016-03-14,2016-08-14,5782,5782,5782,5782,5782,5782,5782,5782,5782,5782,12
5779,85.700000,-65.500000,2016-03-14,2016-08-14,-2,-2,-2,-2,-2,-2,-2,-2,-2,-2,0
5793,83.400000,-60.000000,2016-03-14,2016-08-14,5805,5805,5796,5805,5796,5805,5805,5796,5805,5805,12
5823,193.300000,-61.900000,2016-03-14,2016-08-14,5835,5835,-2,-2,-2,-2,-2,-2,-2,-2,12
5850,30.500000,-68.100000,2016-03-14,2016-08-14,-2,-2,-2,-2,-2,-2,-2,-2,-2,-2,0
5853,102.300000,-47.200000,2016-03-14,2016-08-14,5865,5865,5865,5865,5865,-2,-2,-2,-2,-2,12
5856,326.200000,-69.300000,2016-03-14,2016-08-14,-2,-2,-2,-2,-2,-2,-2,-2,-2,-2,0
5866,325.000000,-53.000000,2016-03-14,2016-08-14,5878,5882,5878,5878,5882,5878,5886,5878,5882,5878,20
5872,74.900000,-69.700000,2016-03-14,2016-08-14,5884,5888,5892,5896,5900,5884,5888,5892,5896,5900,28
5883,257.900000,-45.800000,2016-03-14,2016-08-14,5895,5886,5895,5890,5895,-2,-2,-2,-2,-2,12
5884,162.900000,-40.000000,2016-03-14,2016-08-14,-2,-2,-2,-2,-2,-2,-2,-2,-2,-2,0
5888,349.100000,-61.200000,2016-03-14,2016-08-14,-2,-2,-2,-2,-2,-2,-2,-2,-2,-2,0
5889,3.600000,-57.500000,2016-03-14,2016-08-14,5899,5903,5907,5911,5915,5919,5904,5923,5908,5927,38
5902,59.400000,-41.900000,2016-03-14,2016-08-14,5914,5914,5914,5914,5905,5914,5914,5914,5914,5914,12
5914,235.300000,-64.800000,2016-03-14,2016-08-14,-2,-2,-2,-2,-2,-2,-2,-2,-2,-2,0
5919,41.400000,-63.300000,2016-03-14,2016-08-14,-2,-2,-2,-2,-2,-2,-2,-2,-2,-2,0
5954,194.700000,-53.200000,2016-03-14,2016-08-14,5966,5966,5966,5966,5966,5966,5966,5966,5966,5966,12
5957,26.800000,-67.500000,2016-03-14,2016-08-14,-2,-2,-2,-2,-2,-2,-2,-2,-2,-2,0
5957,138.800000,-66.600000,2016-03-14,2016-08-14,-2,-2,-2,-2,-2,-2,-2,-2,-2,-2,0
5982,134.400000,-66.400000,2016-03-14,2016-08-14,-2,-2,-2,-2,-2,-2,-2,-2,-2,-2,0
5982,173.100000,-44.500000,2016-03-14,2016-08-14,5994,5994,5994,5994,5998,5994,5994,5994,5994,5994,16
5983,211.800000,-52.100000,2016-03-14,2016-08-14,5986,5990,5995,5986,5995,5986,5995,5995,5995,5995,12
5984,252.200000,-52.900000,2016-03-14,2016-08-14,5996,5999,6003,5996,5996,5987,5994,6000,5996,5996,19
5986,31.600000,-62.300000,2016-03-14,2016-08-14,-2,-2,-2,-2,-2,-2,-2,-2,-2,-2,0
5993,212.200000,-66.500000,2016-03-14,2016-08-14,-2,-2,-2,-2,-2,-2,-2,-2,-2,-2,0
5998,327.200000,-58.800000,2016-03-14,2016-08-14,6010,6010,6001,6001,6010,6001,6010,6001,6014,6010,16
6016,64.100000,-50.800000,2016-03-14,2016-08-14,6028,6019,6028,6028,6028,6019,6019,6028,6019,6028,12
6043,74.200000,-64.700000,2016-03-14,2016-08-14,6055,-2,-2,-2,-2,-2,-2,-2,-2,-2,12
6050,89.500000,-64.500000,2016-03-14,2016-08-14,-2,-2,-2,-2,-2,-2,-2,-2,-2,-2,0
6050,103.800000,-54.700000,2016-03-14,2016-08-14,6062,6062,6062,6062,6062,6066,6062,6070,6062,6062,20
6088,183.900000,-50.400000,2016-03-14,2016-08-14,6100,6100,6100,-2,-2,-2,-2,-2,-2,-2,12
6114,314.300000,-40.100000,2016-03-14,2016-08-14,-2,-2,-2,-2,-2,-2,-2,-2,-2,-2,0
6117,53.500000,-59.800000,2016-03-14,2016-08-14,6129,6129,6129,6129,6129,6129,6129,6129,6129,6129,12
6127,188.400000,-67.300000,2016-03-14,2016-08-14,-2,-2,-2,-2,-2,-2,-2,-2,-2,-2,0
6138,85.100000,-52.500000,2016-03-14,2016-08-14,6150,6150,6141,6150,6154,6150,6150,6150,6154,6158,20
6140,41.000000,-46.300000,2016-03-14,2016-08-14,6152,6154,6152,6152,6143,6147,6156,6158,6162,6156,22
6149,274.400000,-43.800000,2016-03-14,2016-08-14,6161,6160,6164,6161,-2,-2,-2,-2,-2,-2,15
6150,345.500000,-63.100000,2016-03-14,2016-08-14,-2,-2,-2,-2,-2,-2,-2,-2,-2,-2,0
6169,40.200000,-63.200000,2016-03-14,2016-08-14,-2,-2,-2,-2,-2,-2,-2,-2,-2,-2,0
6178,166.700000,-68.500000,2016-03-14,2016-08-14,-2,-2,-2,-2,-2,-2,-2,-2,-2,-2,0
6186,112.900000,-60.100000,2016-03-14,2016-08-14,6198,6198,6198,6198,6198,6198,6198,6198,6198,6198,12
6190,43.300000,-54.200000,2016-03-14,2016-08-14,6202,6202,6202,6202,6202,6202,6202,6206,6202,6202,16
6207,163.300000,-66.600000,2016-03-14,2016-08-14,-2,-2,-2,-2,-2,-2,-2,-2,-2,-2,0
6241,306.200000,-42.000000,2016-03-14,2016-08-14,6253,6253,6253,6253,6253,6253,6253,6253,6253,6253,12
6252,207.800000,-41.100000,2016-03-14,2016-08-14,6264,6264,-2,-2,-2,-2,-2,-2,-2,-2,12
6253,234.000000,-65.100000,2016-03-14,2016-08-14,-2,-2,-2,-2,-2,-2,-2,-2,-2,-2,0
6262,89.800000,-44.900000,2016-03-14,2016-08-14,6274,6274,6274,6274,6265,6265,6265,6265,6265,6265,12
6268,39.200000,-49.900000,2016-03-14,2016-08-14,6280,6284,6288,6271,6292,6280,6280,6275,6271,6296,28
6269,299.400000,-67.700000,2016-03-14,2016-08-14,-2,-2,-2,-2,-2,-2,-2,-2,-2,-2,0
6271,188.200000,-53.800000,2016-03-14,2016-08-14,6283,6283,6283,6283,6283,6287,6283,6283,6287,6283,16
6274,95.400000,-62.200000,2016-03-14,2016-08-14,6286,6286,6286,6278,6286,6286,6277,6290,6286,6286,16
6278,72.400000,-44.000000,2016-03-14,2016-08-14,6281,6290,6294,6281,6285,6290,6298,6281,6281,6285,20
6285,292.300000,-56.900000,2016-03-14,2016-08-14,6297,6301,6297,6297,6301,6288,6297,6297,6297,6297,16
6303,17.300000,-68.000000,2016-03-14,2016-08-14,-2,-2,-2,-2,-2,-2,-2,-2,-2,-2,0
6308,57.500000,-51.300000,2016-03-14,2016-08-14,6320,6320,6311,6320,6324,6320,6320,6324,6320,6328,20
6333,74.800000,-62.500000,2016-03-14,2016-08-14,6345,6345,6345,6345,6345,6345,6345,6345,6345,6349,16
6336,332.600000,-64.100000,2016-03-14,2016-08-14,-2,-2,-2,-2,-2,-2,-2,-2,-2,-2,0
6336,117.800000,-67.400000,2016-03-14,2016-08-14,-2,-2,-2,-2,-2,-2,-2,-2,-2,-2,0
6339,125.000000,-65.400000,2016-03-14,2016-08-14,-2,-2,-2,-2,-2,-2,-2,-2,-2,-2,0
6344,223.400000,-59.200000,2016-03-14,2016-08-14,6356,6356,6349,6356,6356,6356,6356,6356,6356,6356,12
6365,189.700000,-46.600000,2016-03-14,2016-08-14,6377,6368,6368,6377,-2,-2,-2,-2,-2,-2,12
6371,82.300000,-41.200000,2016-03-14,2016-08-14,6383,6383,6383,6383,6383,6383,6383,6383,6381,6383,12
6381,315.600000,-62.500000,2016-03-14,2016-08-14,-2,-2,-2,-2,-2,-2,-2,-2,-2,-2,0
6382,176.700000,-57.000000,2016-03-14,2016-08-14,6394,6398,6394,6394,6394,6394,6385,6394,6394,6387,16
6384,293.800000,-44.600000,2016-03-14,2016-08-14,6387,6396,6387,6387,6396,6396,6396,6396,6387,6396,12
6406,255.400000,-63.800000,2016-03-14,2016-08-14,-2,-2,-2,-2,-2,-2,-2,-2,-2,-2,0
6409,100.700000,-40.100000,2016-03-14,2016-08-14,-2,-2,-2,-2,-2,-2,-2,-2,-2,-2,0
6411,47.600000,-61.200000,2016-03-14,2016-08-14,6423,6423,6427,6423,6427,6427,6431,6423,6431,6423,20
6416,116.000000,-44.800000,2016-03-14,2016-08-14,6435,6428,6428,6428,6439,6428,6428,-2,-2,-2,23
6416,169.600000,-63.400000,2016-03-14,2016-08-14,6428,6427,-2,-2,-2,-2,-2,-2,-2,-2,12
6419,101.000000,-43.800000,2016-03-14,2016-08-14,6431,6432,6443,6431,6431,6431,6431,6435,6436,6431,24
6429,330.300000,-45.400000,2016-03-14,2016-08-14,6441,6445,6441,6445,6449,6453,6457,6441,6445,6461,32
6437,239.800000,-44.800000,2016-03-14,2016-08-14,6449,6449,6449,6449,6449,6449,6440,6449,6449,6449,12
6444,138.200000,-51.800000,2016-03-14,2016-08-14,6456,6456,6453,6456,6456,6447,6456,6456,-2,-2,12
6462,62.200000,-58.800000,2016-03-14,2016-08-14,6474,6465,6474,6474,6465,6469,6478,6478,6482,6474,20
6463,12.500000,-40.700000,2016-03-14,2016-08-14,-2,-2,-2,-2,-2,-2,-2,-2,-2,-2,0
6471,123.600000,-42.400000,2016-03-14,2016-08-14,6482,6474,6483,6478,-2,-2,-2,-2,-2,-2,12
6489,277.300000,-54.800000,2016-03-14,2016-08-14,6501,6501,6501,6501,6501,6501,6505,6505,6505,6509,20
6498,337.500000,-68.900000,2016-03-14,2016-08-14,-2,-2,-2,-2,-2,-2,-2,-2,-2,-2,0
6511,359.000000,-42.700000,2016-03-14,2016-08-14,6523,6523,6523,6523,6523,6523,6523,6523,6523,6523,12
6522,8.800000,-44.000000,2016-03-14,2016-08-14,6534,6538,6534,6538,6542,6542,6546,6550,6546,6554,32
6524,131.500000,-41.700000,2016-03-14,2016-08-14,6536,6536,-2,-2,-2,-2,-2,-2,-2,-2,12
6531,159.100000,-54.300000,2016-03-14,2016-08-14,6543,6543,6543,6543,6534,6543,6534,6547,6543,6551,20
6539,27.100000,-54.800000,2016-03-14,2016-08-14,6551,6551,6555,6555,6559,6551,6559,6563,6555,6563,24
6549,0.900000,-46.000000,2016-03-14,2016-08-14,6552,-2,-2,-2,-2,-2,-2,-2,-2,-2,3
6558,40.700000,-65.300000,2016-03-14,2016-08-14,-2,-2,-2,-2,-2,-2,-2,-2,-2,-2,0
6575,29.000000,-58.700000,2016-03-14,2016-08-14,6587,6587,6587,6587,6591,6591,6587,6587,6595,6591,20
6583,57.100000,-47.100000,2016-03-14,2016-08-14,6595,6595,6595,6595,6595,6595,6599,6599,6603,6595,20
6592,258.400000,-41.600000,2016-03-14,2016-08-14,6604,6604,-2,-2,-2,-2,-2,-2,-2,-2,12
6593,345.200000,-63.200000,2016-03-14,2016-08-14,-2,-2,-2,-2,-2,-2,-2,-2,-2,-2,0
6610,15.200000,-51.600000,2016-03-14,2016-08-14,6622,6626,6613,6622,6626,6630,6617,6621,6630,6622,20
6616,44.000000,-50.100000,2016-03-14,2016-08-14,6628,6628,6632,6636,6628,6632,6640,6632,6644,6628,28
6624,176.600000,-51.900000,2016-03-14,2016-08-14,6636,6636,6636,6636,6636,6640,6636,6636,6636,6636,16
6632,12.200000,-66.900000,2016-03-14,2016-08-14,-2,-2,-2,-2,-2,-2,-2,-2,-2,-2,0
6635,165.800000,-69.700000,2016-03-14,2016-08-14,-2,-2,-2,-2,-2,-2,-2,-2,-2,-2,0
6640,114.700000,-55.700000,2016-03-14,2016-08-14,6643,6652,6656,6652,6652,6647,6656,6652,6652,6652,16
6640,286.700000,-65.400000,2016-03-14,2016-08-14,-2,-2,-2,-2,-2,-2,-2,-2,-2,-2,0
6647,100.200000,-58.200000,2016-03-14,2016-08-14,6656,6651,6660,6659,6663,6659,6663,6659,6659,6663,16
6669,93.900000,-45.300000,2016-03-14,2016-08-14,6681,6672,6681,6681,-2,-2,-2,-2,-2,-2,12
6679,218.800000,-61.300000,2016-03-14,2016-08-14,6691,6691,6691,6691,-2,-2,-2,-2,-2,-2,12
6682,292.800000,-57.300000,2016-03-14,2016-08-14,6694,6698,6702,6706,6694,6694,6698,6694,6694,6694,24
6699,198.800000,-57.500000,2016-03-14,2016-08-14,6711,6715,6702,6702,6711,6711,6711,6711,6711,6711,16
6700,302.600000,-63.000000,2016-03-14,2016-08-14,-2,-2,-2,-2,-2,-2,-2,-2,-2,-2,0
6712,159.200000,-58.700000,2016-03-14,2016-08-14,6715,6724,6724,6728,6715,6719,6724,6715,6724,6724,16
6732,161.800000,-65.300000,2016-03-14,2016-08-14,-2,-2,-2,-2,-2,-2,-2,-2,-2,-2,0
6736,222.000000,-44.600000,2016-03-14,2016-08-14,6748,6748,6748,6748,6748,6748,6748,6748,6748,6739,12
6736,37.000000,-68.100000,2016-03-14,2016-08-14,-2,-2,-2,-2,-2,-2,-2,-2,-2,-2,0
6744,315.900000,-62.900000,2016-03-14,2016-08-14,-2,-2,-2,-2,-2,-2,-2,-2,-2,-2,0
6755,289.500000,-63.900000,2016-03-14,2016-08-14,-2,-2,-2,-2,-2,-2,-2,-2,-2,-2,0
6786,318.100000,-41.700000,2016-03-14,2016-08-14,6798,6798,6798,6798,6798,6798,6798,6798,6798,6798,12
6787,259.800000,-69.800000,2016-03-14,2016-08-14,-2,-2,-2,-2,-2,-2,-2,-2,-2,-2,0
6798,21.400000,-57.000000,2016-03-14,2016-08-14,6810,6810,6810,6810,6810,6810,6810,6810,6810,6810,12
6802,166.000000,-43.700000,2016-03-14,2016-08-14,6805,6814,6814,6805,6818,6814,6809,-2,-2,-2,16
6813,220.700000,-46.100000,2016-03-14,2016-08-14,6816,6816,6816,6825,6818,6816,6822,6825,6825,6825,12
6813,51.500000,-55.800000,2016-03-14,2016-08-14,6820,6824,6816,6820,6825,6829,6825,6825,6816,6816,16
6834,11.600000,-61.600000,2016-03-14,2016-08-14,-2,-2,-2,-2,-2,-2,-2,-2,-2,-2,0
6836,190.200000,-48.400000,2016-03-14,2016-08-14,6839,6848,6848,6852,6843,-2,-2,-2,-2,-2,16
6862,251.200000,-60.300000,2016-03-14,2016-08-14,6874,6874,6874,6874,6874,6874,6874,6874,6874,6874,12
6867,176.900000,-65.700000,2016-03-14,2016-08-14,-2,-2,-2,-2,-2,-2,-2,-2,-2,-2,0
6878,256.200000,-66.300000,2016-03-14,2016-08-14,-2,-2,-2,-2,-2,-2,-2,-2,-2,-2,0
6888,311.700000,-68.500000,2016-03-14,2016-08-14,-2,-2,-2,-2,-2,-2,-2,-2,-2,-2,0
6889,87.300000,-42.800000,2016-03-14,2016-08-14,6892,6901,6901,6905,6905,6901,6901,6901,6901,6892,16
6902,0.500000,-56.700000,2016-03-14,2016-08-14,6914,6914,6914,6914,6914,6914,6914,6914,6914,6914,12
6907,355.500000,-56.500000,2016-03-14,2016-08-14,6918,6919,6918,6918,6918,6918,6918,6918,6918,6918,12
6925,266.800000,-58.900000,2016-03-14,2016-08-14,6928,6932,6937,6937,6937,6928,6941,6932,6928,6928,16
6949,218.300000,-47.000000,2016-03-14,2016-08-14,6961,6961,6961,6961,6961,6965,6961,6961,6961,6961,16
6963,67.300000,-56.800000,2016-03-14,2016-08-14,6975,6975,6975,6975,6975,6975,6975,6975,6975,6975,12
6965,234.800000,-51.000000,2016-03-14,2016-08-14,6969,6977,6977,6977,6977,6977,6968,6968,6979,6968,14
6970,33.100000,-42.900000,2016-03-14,2016-08-14,6982,6982,6982,6986,6979,6990,6986,6982,6986,6983,20
7009,257.800000,-59.300000,2016-03-14,2016-08-14,7021,7021,7021,7021,7021,7021,7021,7021,7021,7025,16
7011,320.000000,-49.100000,2016-03-14,2016-08-14,7023,7023,7023,7023,7025,7027,7031,7023,7027,7023,20
7016,34.200000,-65.200000,2016-03-14,2016-08-14,-2,-2,-2,-2,-2,-2,-2,-2,-2,-2,0
7021,298.600000,-59.700000,2016-03-14,2016-08-14,7033,7025,7033,7033,7033,7033,7033,7033,7033,7033,12
7035,123.500000,-64.200000,2016-03-14,2016-08-14,-2,-2,-2,-2,-2,-2,-2,-2,-2,-2,0
7055,13.800000,-56.100000,2016-03-14,2016-08-14,7067,7071,7075,7067,7067,7067,7067,7067,7067,7067,20
7071,206.400000,-66.900000,2016-03-14,2016-08-14,-2,-2,-2,-2,-2,-2,-2,-2,-2,-2,0
7092,298.900000,-57.500000,2016-03-14,2016-08-14,7104,7104,7108,7108,7104,7112,7104,7108,7116,7108,24
7095,241.300000,-42.500000,2016-03-14,2016-08-14,7107,7111,7107,7107,7115,7107,7107,7111,-2,-2,20
7097,336.400000,-52.600000,2016-03-14,2016-08-14,7109,7112,7109,7109,7116,7120,7113,7113,7113,7119,23
7115,199.700000,-48.500000,2016-03-14,2016-08-14,7127,7127,7127,7131,7127,7127,7127,7127,7127,7127,16
7131,251.900000,-42.900000,2016-03-14,2016-08-14,7134,7138,7143,7134,7134,7143,7143,7143,7143,7143,12
7144,353.600000,-61.300000,2016-03-14,2016-08-14,-2,-2,-2,-2,-2,-2,-2,-2,-2,-2,0
7147,352.700000,-41.900000,2016-03-14,2016-08-14,7150,7150,7150,7150,7150,7150,7150,7150,7159,7159,12
7147,117.200000,-61.500000,2016-03-14,2016-08-14,7150,7154,7150,7159,7159,7159,7159,7159,7159,7159,12
7174,327.700000,-65.900000,2016-03-14,2016-08-14,-2,-2,-2,-2,-2,-2,-2,-2,-2,-2,0
7175,11.500000,-41.300000,2016-03-14,2016-08-14,7178,7187,7187,7187,7178,7187,7187,7187,7187,7187,12
7179,308.700000,-68.500000,2016-03-14,2016-08-14,-2,-2,-2,-2,-2,-2,-2,-2,-2,-2,0
7183,144.700000,-57.900000,2016-03-14,2016-08-14,7195,7199,7203,7195,7195,7195,7195,7195,7195,7195,20
7184,211.400000,-62.100000,2016-03-14,2016-08-14,7196,7196,-2,-2,-2,-2,-2,-2,-2,-2,12
7200,54.900000,-68.000000,2016-03-14,2016-08-14,-2,-2,-2,-2,-2,-2,-2,-2,-2,-2,0
7206,208.900000,-66.300000,2016-03-14,2016-08-14,-2,-2,-2,-2,-2,-2,-2,-2,-2,-2,0
7220,74.000000,-45.700000,2016-03-14,2016-08-14,7232,7232,7236,7236,7232,7232,7240,7240,7232,7232,20
7220,275.100000,-58.900000,2016-03-14,2016-08-14,7232,7236,7223,7232,7232,7236,7236,7232,7232,7232,16
7223,136.500000,-54.400000,2016-03-14,2016-08-14,7244,7235,7235,7236,7236,7236,7235,7235,7235,7235,21
7235,291.300000,-47.300000,2016-03-14,2016-08-14,7247,7251,7247,7247,7247,7247,7247,7240,7247,7251,16
7268,316.100000,-46.800000,2016-03-14,2016-08-14,7280,7280,7280,7284,7284,7280,7280,7288,7280,7292,24
7284,156.600000,-63.600000,2016-03-14,2016-08-14,7296,-2,-2,-2,-2,-2,-2,-2,-2,-2,12
7290,57.000000,-66.900000,2016-03-14,2016-08-14,-2,-2,-2,-2,-2,-2,-2,-2,-2,-2,0
7290,314.500000,-56.200000,2016-03-14,2016-08-14,7302,7302,7302,7302,7300,7304,7306,7302,7302,7302,16
7294,326.000000,-41.400000,2016-03-14,2016-08-14,7306,7306,7310,7306,7306,7306,7306,7306,7297,7306,16
7295,225.500000,-55.500000,2016-03-14,2016-08-14,7314,7307,7308,7307,7311,7307,7307,7306,7298,7311,19
7315,105.200000,-45.600000,2016-03-14,2016-08-14,7318,7327,7327,7327,7327,7318,7318,7318,7318,7318,12
7319,290.600000,-52.400000,2016-03-14,2016-08-14,7331,7322,7335,7339,7343,7322,7347,7322,7351,7331,32
7325,195.500000,-63.000000,2016-03-14,2016-08-14,7337,-2,-2,-2,-2,-2,-2,-2,-2,-2,12
7326,50.800000,-62.800000,2016-03-14,2016-08-14,-2,-2,-2,-2,-2,-2,-2,-2,-2,-2,0
7329,155.300000,-50.800000,2016-03-14,2016-08-14,7341,7341,7341,7341,7341,7341,7341,7341,7345,7341,16
7331,253.300000,-63.000000,2016-03-14,2016-08-14,-2,-2,-2,-2,-2,-2,-2,-2,-2,-2,0
7347,200.200000,-61.200000,2016-03-14,2016-08-14,7350,7359,7359,7359,7359,-2,-2,-2,-2,-2,12
7357,271.400000,-63.500000,2016-03-14,2016-08-14,-2,-2,-2,-2,-2,-2,-2,-2,-2,-2,0
7370,85.600000,-64.100000,2016-03-14,2016-08-14,-2,-2,-2,-2,-2,-2,-2,-2,-2,-2,0
7384,359.400000,-61.100000,2016-03-14,2016-08-14,-2,-2,-2,-2,-2,-2,-2,-2,-2,-2,0
7384,164.300000,-41.100000,2016-03-14,2016-08-14,7396,7396,7396,7396,7396,7396,7396,7396,7396,7396,12
7391,313.200000,-43.200000,2016-03-14,2016-08-14,7403,7403,7407,7403,7407,7407,7411,7411,7415,7411,24
7393,124.900000,-44.300000,2016-03-14,2016-08-14,7400,7400,7405,7405,7409,7405,7413,7405,7400,7404,20
7406,112.100000,-62.900000,2016-03-14,2016-08-14,7418,7419,7418,7415,7418,7418,7418,7409,7409,7418,13
7416,72.400000,-48.100000,2016-03-14,2016-08-14,7428,7419,7419,7428,7419,7419,7428,7428,7428,7428,12
7426,341.800000,-56.800000,2016-03-14,2016-08-14,7438,7438,7438,7438,7438,7438,7429,7432,7438,7432,12
7441,35.900000,-67.000000,2016-03-14,2016-08-14,-2,-2,-2,-2,-2,-2,-2,-2,-2,-2,0
7448,0.400000,-63.100000,2016-03-14,2016-08-14,-2,-2,-2,-2,-2,-2,-2,-2,-2,-2,0
7454,317.200000,-56.600000,2016-03-14,2016-08-14,7466,7466,7470,7457,7457,7466,7457,7457,7466,7466,16
7460,309.100000,-45.200000,2016-03-14,2016-08-14,7472,7472,7476,7472,7472,7472,7472,7463,7472,7472,16
7462,42.800000,-40.400000,2016-03-14,2016-08-14,-2,-2,-2,-2,-2,-2,-2,-2,-2,-2,0
7470,228.500000,-51.200000,2016-03-14,2016-08-14,7473,7476,7482,7473,7482,7477,7482,7482,7482,7482,12
7502,179.700000,-52.800000,2016-03-14,2016-08-14,7505,7514,7514,7514,7514,7514,7514,7514,7514,7514,12
7509,155.800000,-42.000000,2016-03-14,2016-08-14,-2,-2,-2,-2,-2,-2,-2,-2,-2,-2,0
7515,197.400000,-47.300000,2016-03-14,2016-08-14,7527,7518,7527,7527,7527,7527,7518,7527,7527,7527,12
7527,167.000000,-43.200000,2016-03-14,2016-08-14,7539,7539,7531,7543,7539,7539,-2,-2,-2,-2,16
7533,311.600000,-46.300000,2016-03-14,2016-08-14,7545,7545,7545,7545,7549,7549,7553,7557,7545,7561,28
7540,185.100000,-42.700000,2016-03-14,2016-08-14,7552,7543,-2,-2,-2,-2,-2,-2,-2,-2,12
7568,40.500000,-68.600000,2016-03-14,2016-08-14,-2,-2,-2,-2,-2,-2,-2,-2,-2,-2,0
7577,305.300000,-49.400000,2016-03-14,2016-08-14,7589,7589,7593,7597,7589,7589,7593,7601,7593,7589,24
7601,6.600000,-57.300000,2016-03-14,2016-08-14,7613,7617,7613,7613,7613,7613,7613,7613,7613,7613,16
7610,289.300000,-47.100000,2016-03-14,2016-08-14,7622,7622,7622,7622,7622,7622,7622,7617,7626,7622,16
7612,306.600000,-52.900000,2016-03-14,2016-08-14,7617,7624,7621,7621,7624,7621,7617,7626,7617,7617,14
7629,138.500000,-63.400000,2016-03-14,2016-08-14,7641,7641,7641,7641,7641,7641,7641,7641,7641,7641,12
7641,76.400000,-44.200000,2016-03-14,2016-08-14,7645,7653,7653,7649,7653,7657,7653,7645,7649,7661,20
7647,306.900000,-53.400000,2016-03-14,2016-08-14,7659,7659,7659,7663,7659,7659,7659,7650,7659,7659,16
7652,332.300000,-40.700000,2016-03-14,2016-08-14,-2,-2,-2,-2,-2,-2,-2,-2,-2,-2,0
7662,181.900000,-46.200000,2016-03-14,2016-08-14,7674,7674,7674,7665,7674,7678,7674,7669,7674,7674,16
7662,280.800000,-40.700000,2016-03-14,2016-08-14,-2,-2,-2,-2,-2,-2,-2,-2,-2,-2,0
7711,153.100000,-58.800000,2016-03-14,2016-08-14,7723,7723,7723,7723,7723,7723,7723,7723,7727,7723,16
7754,282.000000,-43.400000,2016-03-14,2016-08-14,7766,7766,7766,7770,7766,-2,-2,-2,-2,-2,16
7762,170.800000,-46.500000,2016-03-14,2016-08-14,7774,7774,7778,7774,7782,-2,-2,-2,-2,-2,20
7772,3.400000,-65.000000,2016-03-14,2016-08-14,-2,-2,-2,-2,-2,-2,-2,-2,-2,-2,0
7776,56.000000,-49.000000,2016-03-14,2016-08-14,7788,7792,7779,7796,7788,7800,7788,7783,7788,7804,28
7777,326.900000,-57.400000,2016-03-14,2016-08-14,7789,7789,7789,7789,7789,7789,7789,7789,7789,7789,12
7793,308.700000,-65.800000,2016-03-14,2016-08-14,-2,-2,-2,-2,-2,-2,-2,-2,-2,-2,0
7796,170.800000,-40.100000,2016-03-14,2016-08-14,-2,-2,-2,-2,-2,-2,-2,-2,-2,-2,0
7800,279.100000,-48.600000,2016-03-14,2016-08-14,7812,7803,-2,-2,-2,-2,-2,-2,-2,-2,12
7807,74.500000,-67.400000,2016-03-14,2016-08-14,7819,7810,7823,7827,7831,7835,7839,7814,7843,7847,40
7816,167.700000,-60.700000,2016-03-14,2016-08-14,7828,7828,7828,-2,-2,-2,-2,-2,-2,-2,12
7825,296.200000,-59.700000,2016-03-14,2016-08-14,7837,7837,7837,7851,7837,7837,7837,7837,7837,7837,26
7828,14.700000,-57.700000,2016-03-14,2016-08-14,7840,7844,7848,7852,7856,7860,7832,7841,7864,7868,40
7829,356.800000,-40.100000,2016-03-14,2016-08-14,-2,-2,-2,-2,-2,-2,-2,-2,-2,-2,0
7839,328.700000,-52.900000,2016-03-14,2016-08-14,7851,7851,7851,7855,7851,7855,7855,7851,7859,7859,20
7879,217.200000,-45.100000,2016-03-14,2016-08-14,7891,7891,7891,7891,7891,7891,7891,7891,7891,7891,12
7896,347.400000,-41.100000,2016-03-14,2016-08-14,7899,7899,7899,7899,7899,7899,7908,7899,7908,7908,12
7902,294.500000,-43.600000,2016-03-14,2016-08-14,7912,7905,7905,7905,7905,7916,7914,7914,7914,7914,14
7912,174.600000,-59.800000,2016-03-14,2016-08-14,7924,7918,7924,7924,7924,7924,7918,7928,7924,7924,16
7924,290.300000,-54.000000,2016-03-14,2016-08-14,7936,7936,7940,7936,7936,7936,7936,7936,7936,7936,16
7930,352.500000,-58.700000,2016-03-14,2016-08-14,7942,7946,7950,7954,7958,7962,7966,7944,7948,7970,40
7969,58.900000,-40.300000,2016-03-14,2016-08-14,-2,-2,-2,-2,-2,-2,-2,-2,-2,-2,0
7981,261.400000,-53.500000,2016-03-14,2016-08-14,7993,7993,7993,7993,7997,7993,7993,7984,7993,7993,16
7988,218.200000,-68.400000,2016-03-14,2016-08-14,-2,-2,-2,-2,-2,-2,-2,-2,-2,-2,0
7989,225.900000,-57.900000,2016-03-14,2016-08-14,7997,8001,8001,8001,8001,8001,8001,8005,8001,8005,16
8010,279.600000,-41.800000,2016-03-14,2016-08-14,8022,8022,8022,8026,8022,-2,-2,-2,-2,-2,16
8031,42.900000,-55.600000,2016-03-14,2016-08-14,8043,8034,8043,8047,8038,8051,8055,8043,8043,8043,24
8036,229.800000,-56.500000,2016-03-14,2016-08-14,8048,8048,8048,8048,8048,8048,8048,8048,8048,8047,12
8043,49.600000,-60.900000,2016-03-14,2016-08-14,8052,8055,8055,8056,8052,8059,8059,8056,8055,8055,16
8048,56.100000,-55.700000,2016-03-14,2016-08-14,8052,8051,8060,8060,8052,8060,8060,8060,8059,8060,12
8049,296.300000,-67.100000,2016-03-14,2016-08-14,-2,-2,-2,-2,-2,-2,-2,-2,-2,-2,0
8054,245.500000,-59.500000,2016-03-14,2016-08-14,8066,8057,8057,8066,8063,8059,8066,8066,8066,8057,12
8055,338.000000,-62.700000,2016-03-14,2016-08-14,-2,-2,-2,-2,-2,-2,-2,-2,-2,-2,0
8072,125.300000,-57.800000,2016-03-14,2016-08-14,8084,8084,8075,8075,8088,8075,8084,8079,8084,8079,16
8088,336.400000,-62.600000,2016-03-14,2016-08-14,-2,-2,-2,-2,-2,-2,-2,-2,-2,-2,0
8089,140.500000,-60.800000,2016-03-14,2016-08-14,8101,8101,8101,8101,8101,8101,8101,8101,8101,8101,12
8090,11.900000,-45.000000,2016-03-14,2016-08-14,8102,8102,8102,8105,8102,8102,8102,8093,8102,8105,15
8100,104.300000,-45.800000,2016-03-14,2016-08-14,8112,8112,8105,-2,-2,-2,-2,-2,-2,-2,12
8107,252.400000,-58.700000,2016-03-14,2016-08-14,8119,8123,8119,8119,8123,8127,8119,8110,8119,8114,20
8111,134.500000,-64.900000,2016-03-14,2016-08-14,-2,-2,-2,-2,-2,-2,-2,-2,-2,-2,0
8119,301.000000,-54.100000,2016-03-14,2016-08-14,8131,8122,8126,8131,8131,8131,8123,8131,8122,8122,12
8122,298.300000,-64.600000,2016-03-14,2016-08-14,-2,-2,-2,-2,-2,-2,-2,-2,-2,-2,0
8130,328.500000,-65.700000,2016-03-14,2016-08-14,-2,-2,-2,-2,-2,-2,-2,-2,-2,-2,0
8153,226.900000,-61.900000,2016-03-14,2016-08-14,8165,8165,8165,8165,8165,8165,8165,8165,8165,8165,12
8173,214.000000,-66.700000,2016-03-14,2016-08-14,-2,-2,-2,-2,-2,-2,-2,-2,-2,-2,0
8183,99.800000,-63.200000,2016-03-14,2016-08-14,8195,-2,-2,-2,-2,-2,-2,-2,-2,-2,12
8191,84.600000,-40.000000,2016-03-14,2016-08-14,-2,-2,-2,-2,-2,-2,-2,-2,-2,-2,0
8209,226.700000,-49.100000,2016-03-14,2016-08-14,8221,8221,8221,8221,8221,8221,8221,8221,-2,-2,12
8215,125.100000,-43.600000,2016-03-14,2016-08-14,8227,8225,8229,8227,8227,8227,8231,8235,8225,8227,20
8219,61.500000,-44.100000,2016-03-14,2016-08-14,8225,8231,8231,8231,8229,8231,8231,8235,8235,8235,16
8222,135.900000,-65.600000,2016-03-14,2016-08-14,-2,-2,-2,-2,-2,-2,-2,-2,-2,-2,0
8224,320.300000,-42.800000,2016-03-14,2016-08-14,8236,8236,8236,8240,8240,8239,8243,8244,8240,8248,24
8240,288.500000,-66.400000,2016-03-14,2016-08-14,-2,-2,-2,-2,-2,-2,-2,-2,-2,-2,0
8245,52.700000,-59.800000,2016-03-14,2016-08-14,8257,8257,8257,8257,8257,8257,8248,8248,8257,8257,12
8251,339.200000,-52.300000,2016-03-14,2016-08-14,8261,8263,8267,8271,8263,8275,8279,8267,8283,8263,32
8297,201.900000,-56.400000,2016-03-14,2016-08-14,8309,8309,8309,8309,8309,8313,8309,8309,8309,8300,16
8313,268.800000,-57.100000,2016-03-14,2016-08-14,8325,8316,8325,8316,8325,8316,8325,8325,8325,8325,12
8316,34.300000,-43.600000,2016-03-14,2016-08-14,8328,8329,8319,8328,8332,8333,8336,8340,8328,8328,24
8320,303.500000,-42.700000,2016-03-14,2016-08-14,8323,8332,8332,8327,8336,8332,8332,8331,8340,8332,20
8328,310.800000,-51.900000,2016-03-14,2016-08-14,8340,8340,8344,8331,8348,8352,8356,8360,8364,8368,40
8374,335.000000,-42.000000,2016-03-14,2016-08-14,8386,8386,8386,8386,8386,8386,8386,8386,8386,8386,12
8377,65.100000,-59.600000,2016-03-14,2016-08-14,8389,8389,8389,8389,8389,8389,8389,8389,8389,8389,12
8409,125.100000,-42.100000,2016-03-14,2016-08-14,8421,8421,8421,8421,8421,8421,8421,8421,8421,8421,12
8410,249.300000,-55.400000,2016-03-14,2016-08-14,8422,8425,8425,8413,8422,8426,8422,8430,8426,8434,24
8418,86.300000,-42.600000,2016-03-14,2016-08-14,8430,8430,8430,8430,8430,8434,8434,8430,8438,8438,20
8428,57.700000,-52.700000,2016-03-14,2016-08-14,8431,8435,8439,8443,8447,8451,8440,8440,8455,8459,31
8439,3.900000,-68.600000,2016-03-14,2016-08-14,-2,-2,-2,-2,-2,-2,-2,-2,-2,-2,0
8444,333.300000,-52.700000,2016-03-14,2016-08-14,8456,8456,8456,8460,8460,8456,8464,8468,8460,8472,28
8455,10.100000,-49.500000,2016-03-14,2016-08-14,8467,8471,8467,8471,8475,8479,8467,8475,8471,8479,24
8456,318.400000,-69.400000,2016-03-14,2016-08-14,-2,-2,-2,-2,-2,-2,-2,-2,-2,-2,0
8457,216.400000,-57.400000,2016-03-14,2016-08-14,8469,8469,8473,8483,8469,8469,8464,8476,8469,8469,26
8459,110.900000,-58.700000,2016-03-14,2016-08-14,8471,8475,8471,8471,8471,8471,8471,8471,8475,8475,16
8464,42.800000,-68.700000,2016-03-14,2016-08-14,-2,-2,-2,-2,-2,-2,-2,-2,-2,-2,0
8485,56.600000,-68.900000,2016-03-14,2016-08-14,-2,-2,-2,-2,-2,-2,-2,-2,-2,-2,0
8485,37.400000,-62.700000,2016-03-14,2016-08-14,-2,-2,-2,-2,-2,-2,-2,-2,-2,-2,0
8504,38.600000,-57.300000,2016-03-14,2016-08-14,8516,8516,8516,8516,8516,8516,8516,8516,8516,8516,12
8507,63.700000,-62.300000,2016-03-14,2016-08-14,8519,8519,8519,8519,8519,8519,8523,8519,8519,8523,16
8517,274.100000,-41.300000,2016-03-14,2016-08-14,8529,-2,-2,-2,-2,-2,-2,-2,-2,-2,12
8520,53.300000,-42.400000,2016-03-14,2016-08-14,8532,8532,8532,8536,8532,8527,8532,8532,8532,8536,16
8521,319.600000,-66.400000,2016-03-14,2016-08-14,-2,-2,-2,-2,-2,-2,-2,-2,-2,-2,0
8533,316.700000,-63.200000,2016-03-14,2016-08-14,-2,-2,-2,-2,-2,-2,-2,-2,-2,-2,0
8545,268.300000,-54.700000,2016-03-14,2016-08-14,8557,8557,8557,8561,8565,8557,8569,8573,8557,8548,28
8547,304.500000,-47.300000,2016-03-14,2016-08-14,8559,8559,8563,8567,8571,8559,8559,8559,8559,8559,24
8552,131.600000,-62.100000,2016-03-14,2016-08-14,8564,8564,8555,8561,8564,8568,8564,8564,8564,8564,16
8554,8.900000,-65.100000,2016-03-14,2016-08-14,-2,-2,-2,-2,-2,-2,-2,-2,-2,-2,0
8554,325.700000,-56.600000,2016-03-14,2016-08-14,8566,8566,8563,8566,8566,8566,8566,8566,8563,8566,12
8560,262.600000,-64.000000,2016-03-14,2016-08-14,-2,-2,-2,-2,-2,-2,-2,-2,-2,-2,0
8569,147.000000,-40.600000,2016-03-14,2016-08-14,-2,-2,-2,-2,-2,-2,-2,-2,-2,-2,0
8573,236.600000,-47.200000,2016-03-14,2016-08-14,8585,8576,8585,8576,8576,8580,8576,8576,8576,8585,12
8584,212.300000,-55.600000,2016-03-14,2016-08-14,8596,8596,8587,8587,8587,8596,8596,8600,8591,-2,16
8585,88.600000,-69.600000,2016-03-14,2016-08-14,-2,-2,-2,-2,-2,-2,-2,-2,-2,-2,0
8618,114.500000,-49.000000,2016-03-14,2016-08-14,8630,8630,8630,8630,8630,8634,8630,8630,8630,8630,16
8620,280.400000,-56.500000,2016-03-14,2016-08-14,8632,8632,8636,8632,8632,8632,8632,8632,8632,8632,16
8635,325.900000,-41.500000,2016-03-14,2016-08-14,8647,8647,8647,8647,8647,8647,8647,8647,8638,8638,12
8654,295.400000,-48.700000,2016-03-14,2016-08-14,8666,8670,8666,8657,8666,8674,8666,8666,8670,8661,20
8668,164.600000,-58.400000,2016-03-14,2016-08-14,8680,8680,8680,8680,8680,8680,8684,8684,8688,-2,20
8683,84.800000,-68.700000,2016-03-14,2016-08-14,-2,-2,-2,-2,-2,-2,-2,-2,-2,-2,0
8710,316.000000,-47.700000,2016-03-14,2016-08-14,8722,8722,8722,8722,8722,8722,8722,8722,8722,8722,12
8715,117.200000,-61.500000,2016-03-14,2016-08-14,8726,8727,8726,8727,8727,8727,8727,8727,8727,8727,12
8715,255.600000,-68.300000,2016-03-14,2016-08-14,-2,-2,-2,-2,-2,-2,-2,-2,-2,-2,0
8727,296.800000,-40.300000,2016-03-14,2016-08-14,-2,-2,-2,-2,-2,-2,-2,-2,-2,-2,0
8734,328.900000,-69.700000,2016-03-14,2016-08-14,-2,-2,-2,-2,-2,-2,-2,-2,-2,-2,0
8736,266.500000,-49.900000,2016-03-14,2016-08-14,8748,8748,8748,8748,8748,8752,8748,8752,8739,8748,16
8745,59.300000,-64.900000,2016-03-14,2016-08-14,8748,8752,-2,-2,-2,-2,-2,-2,-2,-2,7
8760,75.700000,-54.500000,2016-03-14,2016-08-14,8772,8763,8763,8772,8772,8763,8772,8776,8772,8772,16
8761,281.800000,-49.600000,2016-03-14,2016-08-14,8764,8773,8764,8764,8764,8773,8773,8773,8773,8776,15
8765,19.400000,-67.900000,2016-03-14,2016-08-14,-2,-2,-2,-2,-2,-2,-2,-2,-2,-2,0
8766,313.800000,-47.900000,2016-03-14,2016-08-14,8778,8769,8778,8777,8769,8778,8780,8777,8777,8778,14
8772,128.000000,-59.300000,2016-03-14,2016-08-14,8784,8784,8775,8784,8784,8782,8788,8786,8775,8775,16
8786,25.800000,-52.000000,2016-03-14,2016-08-14,8789,8789,8793,8798,8789,8793,8797,8793,8797,8801,15
8789,40.600000,-50.400000,2016-03-14,2016-08-14,8801,8801,8792,8797,8801,8801,8801,8805,8792,8801,16
8799,283.900000,-42.100000,2016-03-14,2016-08-14,8811,8811,8811,-2,-2,-2,-2,-2,-2,-2,12
8800,162.600000,-55.600000,2016-03-14,2016-08-14,8812,8803,8812,8812,8812,8816,8803,8816,8820,8824,24
8826,198.000000,-55.200000,2016-03-14,2016-08-14,8838,8829,8838,8838,8842,8833,8838,8838,8838,8838,16
8830,155.300000,-51.100000,2016-03-14,2016-08-14,8842,8842,8842,8842,8842,8842,8846,8842,8842,8842,16
8831,248.600000,-55.600000,2016-03-14,2016-08-14,8843,8846,8842,8843,8843,8837,8841,8847,-2,-2,16
8832,261.900000,-58.300000,2016-03-14,2016-08-14,8846,8844,8850,8844,8842,8835,8844,8844,8848,8848,18
8833,109.500000,-47.700000,2016-03-14,2016-08-14,8854,8845,8845,8852,8845,8845,8846,8846,8836,8847,21
8835,81.800000,-58.000000,2016-03-14,2016-08-14,8847,8847,8847,8847,8851,8851,8855,8851,8852,8855,20
8848,224.600000,-53.100000,2016-03-14,2016-08-14,8851,8860,8860,8860,8851,8856,8860,8851,8860,8860,12
8878,272.000000,-63.100000,2016-03-14,2016-08-14,-2,-2,-2,-2,-2,-2,-2,-2,-2,-2,0
8886,198.500000,-44.200000,2016-03-14,2016-08-14,8898,8898,8898,8898,8898,8898,8898,8898,8898,8898,12
8899,173.300000,-50.100000,2016-03-14,2016-08-14,8911,8911,8911,8911,8911,8911,8902,8915,8911,8911,16
8902,99.900000,-42.900000,2016-03-14,2016-08-14,8905,8914,8919,8909,8913,8917,8905,8915,8921,8914,19
8905,155.900000,-45.800000,2016-03-14,2016-08-14,8917,8915,8908,8909,-2,-2,-2,-2,-2,-2,12
8919,177.700000,-66.800000,2016-03-14,2016-08-14,-2,-2,-2,-2,-2,-2,-2,-2,-2,-2,0
8920,176.900000,-61.500000,2016-03-14,2016-08-14,8932,8932,8932,8932,-2,-2,-2,-2,-2,-2,12
8938,71.600000,-43.100000,2016-03-14,2016-08-14,8950,8950,8954,8954,8950,8941,8958,8962,8966,8950,28
8989,297.000000,-60.000000,2016-03-14,2016-08-14,9001,9001,9001,9001,9001,9001,9001,9001,9001,9001,12
8996,108.500000,-60.100000,2016-03-14,2016-08-14,9008,9008,9005,9008,9005,9005,9005,9008,9008,9005,12
9000,306.300000,-59.600000,2016-03-14,2016-08-14,9009,9005,9005,9009,9009,9009,9005,9005,9009,9012,12
9030,47.100000,-44.500000,2016-03-14,2016-08-14,9042,9042,9033,9042,9046,9037,9042,9041,9046,9042,16
9039,329.600000,-44.000000,2016-03-14,2016-08-14,9051,9051,9051,9055,9051,9055,9051,9055,9051,9055,16
9041,83.500000,-56.300000,2016-03-14,2016-08-14,9053,9053,9053,9053,9053,9053,9053,9053,9053,9053,12
9070,229.400000,-57.200000,2016-03-14,2016-08-14,9082,9073,9082,9082,9086,9086,9082,9082,9082,9082,16
9074,238.900000,-66.600000,2016-03-14,2016-08-14,-2,-2,-2,-2,-2,-2,-2,-2,-2,-2,0
9075,80.000000,-58.800000,2016-03-14,2016-08-14,9078,9087,9091,9087,9091,9078,9082,9086,9087,9087,16
9098,168.500000,-54.900000,2016-03-14,2016-08-14,9110,9110,9110,9110,9110,9110,9114,9114,9101,9110,16
9127,167.600000,-51.700000,2016-03-14,2016-08-14,9139,9139,9139,9139,9130,9130,9139,9139,9143,9139,16
9130,38.000000,-69.900000,2016-03-14,2016-08-14,-2,-2,-2,-2,-2,-2,-2,-2,-2,-2,0
9131,29.600000,-49.400000,2016-03-14,2016-08-14,9143,9143,9143,9147,9151,9155,9147,9159,9163,9143,32
9152,81.700000,-49.700000,2016-03-14,2016-08-14,9155,9164,9155,9168,9164,9168,9164,9172,9155,9159,20
9155,71.100000,-47.500000,2016-03-14,2016-08-14,9167,9167,9167,9167,9171,9171,9171,9158,9175,9175,20
9183,182.700000,-50.900000,2016-03-14,2016-08-14,9195,9195,9195,9195,9195,9195,-2,-2,-2,-2,12
9186,195.200000,-49.400000,2016-03-14,2016-08-14,9198,9198,9199,9198,9198,9202,9199,-2,-2,-2,16
9210,309.700000,-63.000000,2016-03-14,2016-08-14,-2,-2,-2,-2,-2,-2,-2,-2,-2,-2,0
9218,293.500000,-41.800000,2016-03-14,2016-08-14,9230,9230,9230,9230,9230,9230,9230,9230,9221,9230,12
9219,354.500000,-57.400000,2016-03-14,2016-08-14,9231,9235,9239,9243,9231,9235,9239,9247,9231,9243,28
9219,357.700000,-68.000000,2016-03-14,2016-08-14,-2,-2,-2,-2,-2,-2,-2,-2,-2,-2,0
9227,278.000000,-53.700000,2016-03-14,2016-08-14,9239,9239,9239,9239,9239,9251,9239,9239,9239,9239,24
9261,285.300000,-53.400000,2016-03-14,2016-08-14,9273,9273,9273,9273,9273,9273,9273,9273,9273,9273,12
9276,8.900000,-46.900000,2016-03-14,2016-08-14,9288,9292,9296,9300,9304,9308,9288,9292,9312,9296,36
9283,275.600000,-52.100000,2016-03-14,2016-08-14,9295,9295,9295,9295,9299,9299,9295,-2,-2,-2,16
9290,50.000000,-67.700000,2016-03-14,2016-08-14,-2,-2,-2,-2,-2,-2,-2,-2,-2,-2,0
9298,327.500000,-54.800000,2016-03-14,2016-08-14,9310,9314,9316,9320,9318,9310,9314,9318,9324,9322,26
9306,314.300000,-52.000000,2016-03-14,2016-08-14,9318,9318,9322,9322,9326,9326,9330,9334,9318,9338,32
9314,211.000000,-66.000000,2016-03-14,2016-08-14,-2,-2,-2,-2,-2,-2,-2,-2,-2,-2,0
9319,26.500000,-63.600000,2016-03-14,2016-08-14,-2,-2,-2,-2,-2,-2,-2,-2,-2,-2,0
9322,14.300000,-54.800000,2016-03-14,2016-08-14,9334,9338,9342,9334,9338,9346,9342,9350,9346,9325,28
9322,135.000000,-55.500000,2016-03-14,2016-08-14,9334,9334,9338,9334,9334,9334,9334,9334,9334,9334,16
9329,299.200000,-57.300000,2016-03-14,2016-08-14,9341,9345,9332,9349,9336,9338,9353,9342,9332,9336,24
9337,39.600000,-46.500000,2016-03-14,2016-08-14,9349,9346,9350,9354,9353,9340,9349,9349,9344,9348,17
9339,129.000000,-43.900000,2016-03-14,2016-08-14,9351,9352,9351,9351,9351,9351,9351,9355,9355,9351,16
9339,194.500000,-65.900000,2016-03-14,2016-08-14,-2,-2,-2,-2,-2,-2,-2,-2,-2,-2,0
9371,191.800000,-66.100000,2016-03-14,2016-08-14,-2,-2,-2,-2,-2,-2,-2,-2,-2,-2,0
9375,237.500000,-42.700000,2016-03-14,2016-08-14,9387,9391,9395,9387,9387,9387,9387,9387,9387,9387,20
9389,221.000000,-46.100000,2016-03-14,2016-08-14,9401,9401,9401,9401,9401,9401,9401,9401,9401,9401,12
9393,58.500000,-57.300000,2016-03-14,2016-08-14,9405,9405,9409,9405,9409,9405,9409,9409,9413,9405,20
9400,285.900000,-55.800000,2016-03-14,2016-08-14,9405,9412,9416,9420,9405,9424,9412,9428,9412,9416,28
9409,312.900000,-57.000000,2016-03-14,2016-08-14,9421,9421,9421,9425,9412,9412,9412,9421,9412,9421,16
9426,295.700000,-61.600000,2016-03-14,2016-08-14,-2,-2,-2,-2,-2,-2,-2,-2,-2,-2,0
9439,132.900000,-60.500000,2016-03-14,2016-08-14,9451,9451,9451,9451,9451,9451,9455,9451,9455,9451,16
9451,167.200000,-56.300000,2016-03-14,2016-08-14,9463,9455,9463,9463,9463,9463,9463,9463,9459,9463,12
9455,28.300000,-45.300000,2016-03-14,2016-08-14,9467,9467,9471,9471,9467,9459,9467,9467,9467,9467,16
9462,61.300000,-58.200000,2016-03-14,2016-08-14,9474,9474,9465,9478,9469,9473,9465,9477,9478,9482,20
9477,323.800000,-69.100000,2016-03-14,2016-08-14,-2,-2,-2,-2,-2,-2,-2,-2,-2,-2,0
9483,275.300000,-43.500000,2016-03-14,2016-08-14,9486,9490,9495,9495,9495,9486,9495,9499,9499,-2,16
9530,221.800000,-58.700000,2016-03-14,2016-08-14,9542,9542,9542,9542,9542,9546,9542,9542,9542,9546,16
9577,122.800000,-69.100000,2016-03-14,2016-08-14,-2,-2,-2,-2,-2,-2,-2,-2,-2,-2,0
9592,107.500000,-54.300000,2016-03-14,2016-08-14,9604,9604,9604,9604,9604,9604,9604,9604,9604,9604,12
9602,297.900000,-52.800000,2016-03-14,2016-08-14,9614,9618,9608,9614,9614,9618,9614,9622,9622,9618,20
9604,43.400000,-47.600000,2016-03-14,2016-08-14,9616,9616,9616,9608,9616,9616,9608,9616,9616,9620,16
9604,182.600000,-47.700000,2016-03-14,2016-08-14,9616,9616,9616,9612,9620,9620,9612,9620,9624,9616,20
9616,289.000000,-66.700000,2016-03-14,2016-08-14,-2,-2,-2,-2,-2,-2,-2,-2,-2,-2,0
9617,6.700000,-64.200000,2016-03-14,2016-08-14,-2,-2,-2,-2,-2,-2,-2,-2,-2,-2,0
9620,325.300000,-57.000000,2016-03-14,2016-08-14,9623,9623,9624,9632,9623,9623,9623,9623,9632,9632,12
9633,22.900000,-69.200000,2016-03-14,2016-08-14,-2,-2,-2,-2,-2,-2,-2,-2,-2,-2,0
9635,169.300000,-44.900000,2016-03-14,2016-08-14,9638,9647,9647,9647,9647,9647,9647,9638,9638,9638,12
9637,260.700000,-54.900000,2016-03-14,2016-08-14,9640,9649,9649,9653,-2,-2,-2,-2,-2,-2,16
9696,138.000000,-51.400000,2016-03-14,2016-08-14,9708,9708,9708,9708,9708,9708,9708,9712,9708,9708,16
9704,110.600000,-56.700000,2016-03-14,2016-08-14,9716,9716,9716,9716,9716,9716,9716,9712,9716,9716,12
9715,126.600000,-52.700000,2016-03-14,2016-08-14,9727,9720,9727,9727,9727,9727,9727,9727,9727,9727,12
9719,286.100000,-64.900000,2016-03-14,2016-08-14,-2,-2,-2,-2,-2,-2,-2,-2,-2,-2,0
9721,23.700000,-49.700000,2016-03-14,2016-08-14,9733,9733,9737,9733,9737,9733,9741,9737,9733,9745,24
9722,9.200000,-58.500000,2016-03-14,2016-08-14,9734,9738,9742,9731,9746,9750,9754,9758,9725,9762,40
9724,202.500000,-54.300000,2016-03-14,2016-08-14,9736,9741,9736,9727,9727,9727,9736,9727,9731,9736,17
9724,75.700000,-61.000000,2016-03-14,2016-08-14,9766,9731,9740,9749,9736,9736,9770,9736,9731,-2,46
9749,52.100000,-43.500000,2016-03-14,2016-08-14,9761,9761,9761,9765,9769,9765,9765,9773,9769,9777,28
9765,340.200000,-58.500000,2016-03-14,2016-08-14,9777,9781,9785,9777,9781,9789,9793,9777,9785,9781,28
9765,198.300000,-68.400000,2016-03-14,2016-08-14,-2,-2,-2,-2,-2,-2,-2,-2,-2,-2,0
9772,23.900000,-40.100000,2016-03-14,2016-08-14,-2,-2,-2,-2,-2,-2,-2,-2,-2,-2,0
9773,45.300000,-62.400000,2016-03-14,2016-08-14,9776,-2,-2,-2,-2,-2,-2,-2,-2,-2,3
9781,338.100000,-59.800000,2016-03-14,2016-08-14,9793,9793,9793,9793,9793,9793,9793,9793,9793,9784,12
9787,22.300000,-64.800000,2016-03-14,2016-08-14,-2,-2,-2,-2,-2,-2,-2,-2,-2,-2,0
9810,146.600000,-60.500000,2016-03-14,2016-08-14,9822,9822,9822,9822,9822,9822,9826,9813,9826,9826,16
9818,264.300000,-42.600000,2016-03-14,2016-08-14,9830,9826,9830,9830,9834,-2,-2,-2,-2,-2,16
9820,292.800000,-41.600000,2016-03-14,2016-08-14,9832,9823,9832,9832,9832,9832,9832,9832,9832,9832,12
9834,94.300000,-59.600000,2016-03-14,2016-08-14,9846,9846,9846,9846,9846,9846,9846,9846,9846,9846,12
9840,57.100000,-40.300000,2016-03-14,2016-08-14,-2,-2,-2,-2,-2,-2,-2,-2,-2,-2,0
9847,264.800000,-43.600000,2016-03-14,2016-08-14,9859,9850,9850,9850,9854,-2,-2,-2,-2,-2,12
9851,9.500000,-53.500000,2016-03-14,2016-08-14,9854,9863,9854,9863,9854,9863,9854,9854,9863,9854,12
9856,77.400000,-42.400000,2016-03-14,2016-08-14,9868,9868,9859,9872,9868,9859,9867,9868,9868,9859,16
9867,323.400000,-63.900000,2016-03-14,2016-08-14,-2,-2,-2,-2,-2,-2,-2,-2,-2,-2,0
9868,5.200000,-60.600000,2016-03-14,2016-08-14,-2,-2,-2,-2,-2,-2,-2,-2,-2,-2,0
9871,24.100000,-44.700000,2016-03-14,2016-08-14,9874,9883,9874,9874,9883,9874,9883,9883,9883,9883,12
9875,111.900000,-53.000000,2016-03-14,2016-08-14,9887,9887,9878,9887,9887,9887,9878,9887,9887,9887,12
9886,268.000000,-41.200000,2016-03-14,2016-08-14,9898,9889,9889,9889,9891,9889,9889,9891,9889,9898,12
9887,154.700000,-51.600000,2016-03-14,2016-08-14,9899,9899,9899,9891,9899,9899,9899,9899,9899,9899,12
9892,29.900000,-58.800000,2016-03-14,2016-08-14,9903,9903,9904,9895,9908,9904,9907,9904,9904,9904,16
9898,85.100000,-40.500000,2016-03-14,2016-08-14,-2,-2,-2,-2,-2,-2,-2,-2,-2,-2,0
9901,177.500000,-54.400000,2016-03-14,2016-08-14,9904,9913,9913,9904,9913,9904,9913,9908,9917,9917,16
9901,300.900000,-47.600000,2016-03-14,2016-08-14,9913,9913,9908,9904,9913,9913,9917,9921,9913,9912,20
9906,290.400000,-54.400000,2016-03-14,2016-08-14,9921,9909,9913,9909,9917,9921,9909,9921,9925,9913,19
9919,342.900000,-56.900000,2016-03-14,2016-08-14,9922,9926,9930,9934,9931,9931,9925,9931,9922,9931,15
9938,77.400000,-50.900000,2016-03-14,2016-08-14,9950,9950,9941,9941,9941,9941,9950,9941,9950,9950,12
9944,206.100000,-52.200000,2016-03-14,2016-08-14,9956,9956,9956,9960,9956,9956,9956,9956,9956,9956,16
9967,194.200000,-41.000000,2016-03-14,2016-08-14,9979,-2,-2,-2,-2,-2,-2,-2,-2,-2,12
9978,339.200000,-59.300000,2016-03-14,2016-08-14,9990,9990,9990,9990,9990,9990,9990,9990,9990,9990,12
